,Name,Pos,Org,Top 100,Org Rk,Age_x,TJ Date,FB Type,FB,SL,CB,CH,CMD,RPM FB,RPM Break,Sits,Tops,FV,playerId,avg_fastest_speed,avg_spin,K/9,IP,BB/9,Age_y,ERA,height,weight,throws
0,Grayson Rodriguez,SP,BAL,10.0,2,21.8972222,,Tail,60 / 60,50 / 55,55 / 55,55 / 60,40 / 50,2400.0,2650.0,"['90', '95']",97.0,60,sa3008130,92.5,2525.0,11.86,113.1,3.9,—,2.461765438,"6' 5""",230,R
1,D.L. Hall,MIRP,BAL,28.0,3,23.0555555,,Tail,60 / 60,,55 / 60,55 / 60,30 / 40,2400.0,2500.0,"['93', '96']",98.0,55,sa3005282,94.5,2450.0,11.11,175.0,5.5,—,2.725714286,"6' 0""",195,L
2,Hunter Greene,SP,CIN,34.0,2,22.175,4/9/2019,Tail,60 / 65,50 / 55,,45 / 55,35 / 60,2300.0,2325.0,"['95', '98']",103.0,50,sa3005315,96.5,2312.5,11.76,68.1,3.83,—,4.478051114,"6' 4""",215,R
3,Quinn Priester,SP,PIT,35.0,2,21.0666666,,Rise,55 / 55,,70 / 80,,30 / 45,2150.0,2500.0,"['94', '97']",99.0,50,sa3011297,95.5,2325.0,10.19,36.2,4.72,—,3.190906324,"6' 3""",210,R
4,Sixto Sanchez,SP,MIA,36.0,2,23.1944444,,Tail,60 / 60,50 / 50,,60 / 70,50 / 55,2100.0,2400.0,"['95', '99']",101.0,50,19680,97.0,2250.0,8.31,160.2,2.08,—,2.688796148,"6' 0""",234,R
5,Edward Cabrera,SP,MIA,40.0,3,23.4888888,,Tail,60 / 60,50 / 60,,45 / 55,45 / 50,2250.0,2300.0,"['93', '97']",99.0,50,21690,95.0,2275.0,9.55,197.0,4.02,—,3.243659784,"6' 4""",217,R
6,George Kirby,SP,SEA,41.0,4,23.6694444,,Rise,60 / 60,40 / 45,50 / 50,45 / 50,55 / 70,2150.0,2300.0,"['95', '99']",100.0,50,sa3011526,97.0,2225.0,9.78,23.0,0.0,—,2.347826087,"6' 4""",215,R
7,Jordan Balazovic,SP,MIN,44.0,2,23.0611111,,Rise,55 / 55,50 / 55,55 / 55,40 / 45,45 / 55,2150.0,2200.0,"['91', '94']",96.0,50,sa918017,92.5,2175.0,12.01,155.1,3.02,—,3.186693936,"6' 4""",215,R
8,Matthew Liberatore,SP,STL,45.0,2,21.925,,Sink,45 / 50,45 / 55,60 / 60,50 / 55,35 / 55,2000.0,2800.0,"['92', '95']",97.0,50,sa3008163,93.5,2400.0,9.16,111.0,4.14,—,2.594594639,"6' 5""",200,L
9,Roansy Contreras,SP,PIT,49.0,3,21.9222222,,Rise,50 / 55,50 / 55,,50 / 55,45 / 50,2400.0,2500.0,"['92', '95']",96.0,50,22810,93.5,2450.0,7.98,195.2,2.9,—,3.035779399,"6' 0""",175,R
10,Daniel Espino,SP,CLE,50.0,1,20.7611111,,Sink/Tail,65 / 65,55 / 60,50 / 55,45 / 55,30 / 50,2250.0,2600.0,"['94', '97']",99.0,50,sa3011495,95.5,2425.0,13.19,23.2,4.27,—,3.802811487,"6' 2""",205,R
11,Luis Medina,MIRP,NYY,53.0,3,22.4333333,,Tail,65 / 70,,60 / 70,45 / 55,30 / 40,2500.0,2350.0,"['94', '98']",101.0,50,sa928510,96.0,2425.0,11.25,139.2,8.21,—,5.670643023,"6' 1""",175,R
12,Matt Allan,SP,NYM,56.0,4,20.4777777,,Rise,55 / 60,,55 / 70,45 / 60,30 / 45,2450.0,2600.0,"['93', '96']",97.0,50,sa3011740,94.5,2525.0,12.48,10.1,4.46,—,2.61290403,"6' 3""",210,R
13,Shane Baz,SIRP,TBR,59.0,3,22.3111111,,Rise,60 / 60,50 / 50,50 / 50,55 / 60,45 / 50,2600.0,2550.0,"['92', '97']",100.0,50,22264,94.5,2575.0,9.86,133.2,5.07,—,3.568580353,"6' 3""",190,R
14,Miguel Yajure,SP,PIT,69.0,5,23.4388888,11/22/2016,Cut/Rise,50 / 55,,50 / 50,50 / 55,50 / 60,2250.0,2600.0,"['91', '95']",97.0,50,21111,93.0,2425.0,8.38,203.1,2.3,—,2.699995103,"6' 1""",175,R
15,Deivi Garcia,SP,NYY,80.0,5,22.3888888,,Rise,50 / 50,45 / 50,60 / 60,55 / 60,50 / 55,2200.0,2700.0,"['91', '95']",97.0,50,20276,93.0,2450.0,13.13,185.1,4.42,—,3.593523947,"5' 9""",163,R
16,Jhoan Duran,SP,MIN,81.0,4,23.7527777,,Sink,60 / 60,,50 / 55,45 / 50,40 / 45,1800.0,2700.0,"['95', '99']",101.0,50,sa873347,97.0,2250.0,10.5,215.2,3.72,—,3.755795361,"6' 5""",230,R
17,Gregory Santos,MIRP,SFG,84.0,5,22.1138888,,Cut,60 / 60,60 / 70,,45 / 50,30 / 45,2450.0,2650.0,"['93', '98']",100.0,50,21894,95.5,2550.0,7.71,84.1,2.68,—,3.841894337,"6' 2""",215,R
18,Simeon Woods Richardson,SP,MIN,85.0,5,21.0333333,,Cut/Rise,50 / 55,,50 / 50,55 / 60,40 / 55,2300.0,2350.0,"['90', '94']",97.0,50,sa3008423,92.0,2325.0,11.03,124.0,2.1,—,3.483873862,"6' 3""",210,R
19,Nick Lodolo,SP,CIN,89.0,4,23.6777777,,Tail,45 / 50,,55 / 55,50 / 55,45 / 55,2250.0,2400.0,"['91', '94']",96.0,50,sa917947,92.5,2325.0,14.92,18.1,0.5,—,2.454549966,"6' 6""",205,L
20,Tahnaj Thomas,SP,PIT,90.0,7,22.3138888,,Rise,70 / 80,45 / 55,,30 / 40,35 / 60,2300.0,2400.0,"['93', '98']",100.0,50,sa3003066,95.5,2350.0,11.38,68.0,3.57,—,3.573529312,"6' 4""",190,R
21,Hunter Brown,SP,HOU,93.0,3,23.1111111,,Cut/Rise,60 / 60,50 / 55,60 / 70,40 / 50,30 / 45,2300.0,2500.0,"['92', '95']",97.0,50,sa3010571,93.5,2400.0,12.8,23.2,6.98,—,4.563373784,"6' 2""",212,R
22,Seth Johnson,SP,TBR,94.0,6,23.0555555,,Rise,55 / 60,50 / 60,45 / 50,40 / 45,30 / 50,2400.0,2650.0,"['92', '97']",99.0,50,sa3011342,94.5,2525.0,8.47,17.0,1.59,—,2.117647059,"6' 0""",200,R
23,Aaron Ashby,MIRP,MIL,96.0,1,23.375,,Tail,55 / 60,55 / 60,55 / 60,45 / 50,30 / 40,2050.0,2300.0,"['94', '97']",98.0,50,23550,95.5,2175.0,9.87,183.2,4.27,—,3.528131929,"6' 1""",181,L
24,Matt Canterino,MIRP,MIN,97.0,6,23.8194444,,Cut/Rise,50 / 55,55 / 60,50 / 55,55 / 60,40 / 45,2200.0,2450.0,"['90', '93']",95.0,50,sa3011530,91.5,2325.0,11.16,25.0,3.6,—,1.44,"6' 2""",222,R
25,MacKenzie Gore,SP,SDP,101.0,4,22.625,,Rise,60 / 60,50 / 55,50 / 50,50 / 60,40 / 55,2150.0,2000.0,"['91', '95']",97.0,50,sa3005068,93.0,2075.0,11.67,161.2,3.01,—,2.727834547,"6' 3""",197,L
26,Bryan Mata,MIRP,BOS,,5,22.4333333,,Sink,60 / 60,45 / 45,50 / 50,55 / 60,40 / 50,2500.0,2600.0,"['93', '96']",99.0,45+,sa917784,94.5,2550.0,8.75,177.0,6.25,—,3.457627119,"6' 3""",238,R
27,Cole Winn,SP,TEX,,5,21.8722222,,,50 / 55,45 / 50,50 / 55,50 / 55,35 / 50,2350.0,2500.0,"['92', '94']",96.0,45+,sa3008662,93.0,2425.0,8.58,68.2,5.54,—,4.456308369,"6' 2""",190,R
28,Brailyn Marquez,SIRP,CHC,,6,22.6916666,,Sink/Tail,70 / 80,45 / 45,,50 / 55,30 / 35,2250.0,2250.0,"['93', '97']",100.0,45+,21896,95.0,2250.0,10.65,158.1,4.27,—,3.12631653,"6' 4""",240,L
29,Alec Marsh,SP,KCR,,3,23.4027777,,,60 / 60,50 / 55,50 / 50,45 / 50,35 / 50,2400.0,2350.0,"['94', '97']",100.0,45+,sa1159950,95.5,2375.0,10.33,33.1,1.09,—,4.050003862,"6' 2""",225,R
30,Jackson Rutledge,SP,WSN,,5,22.5222222,,,70 / 70,60 / 70,45 / 50,45 / 50,30 / 40,2450.0,2350.0,"['95', '98']",101.0,45+,sa3011338,96.5,2400.0,9.46,37.1,4.37,—,3.1339314,"6' 8""",245,R
31,Clarke Schmidt,SP,NYY,,7,25.6361111,5/3/2017,Sink,60 / 60,,70 / 70,40 / 45,45 / 45,2350.0,3000.0,"['91', '95']",96.0,45+,19899,93.0,2675.0,10.42,114.0,3.16,—,3.394737978,"6' 1""",205,R
32,Yoendrys Gomez,SP,NYY,,8,21.9833333,,Rise/Tail,55 / 60,,50 / 55,40 / 50,40 / 55,2500.0,2550.0,"['93', '96']",98.0,45+,sa3004650,94.5,2525.0,8.91,104.0,4.93,—,3.115381644,"6' 3""",215,R
33,Blake Walston,SP,ARI,,7,20.2805555,,Rise,40 / 45,40 / 45,55 / 70,45 / 55,25 / 55,2150.0,,"['88', '92']",93.0,45+,sa3011814,90.0,,13.91,11.0,1.64,—,2.454545455,"6' 4""",175,L
34,Lyon Richardson,SP,CIN,,5,21.725,,Rise,45 / 50,45 / 50,50 / 50,45 / 55,45 / 55,2250.0,2500.0,"['89', '93']",95.0,45+,sa3007727,91.0,2375.0,8.29,141.2,3.63,—,4.764694677,"6' 2""",192,R
35,Ryan Pepiot,MIRP,LAD,,5,24.1333333,,Rise,55 / 60,,50 / 55,60 / 70,35 / 45,2450.0,2800.0,"['90', '93']",94.0,45+,sa3011244,91.5,2625.0,12.08,23.1,5.84,—,1.928574214,"6' 3""",215,R
36,JJ Goss,SP,TBR,,10,20.7888888,,Tail,50 / 55,50 / 55,,,35 / 55,2600.0,2400.0,"['91', '94']",96.0,45+,sa3011420,92.5,2500.0,8.47,17.0,1.59,—,5.823529412,"6' 3""",185,R
37,Brennan Malone,SP,PIT,,12,21.0861111,,Sink,55 / 60,50 / 55,50 / 55,40 / 50,35 / 50,2300.0,2300.0,"['92', '96']",99.0,45,sa3011741,94.0,2300.0,9.0,8.0,5.63,—,4.5,"6' 5""",210,R
38,Noah Song,SP,BOS,,7,24.3638888,,Rise/Tail,55 / 60,50 / 55,50 / 55,40 / 45,40 / 50,2350.0,2500.0,"['93', '95']",99.0,45,sa3011695,94.0,2425.0,10.06,17.0,2.65,—,1.058823529,"6' 4""",200,R
39,Cody Bolton,SP,PIT,,14,23.3055555,,Sink,50 / 50,55 / 55,,50 / 50,50 / 50,2450.0,2600.0,"['92', '95']",97.0,45,sa3004975,93.5,2525.0,9.06,146.0,2.34,—,3.390410959,"6' 3""",185,R
40,Connor Seabold,SP,BOS,,8,25.7083333,,Rise,45 / 50,50 / 50,45 / 45,55 / 60,55 / 60,,,"['90', '93']",94.0,45,19695,91.5,,9.18,186.2,2.61,—,3.664284458,"6' 2""",190,R
41,Wilkelman Gonzalez,SP,BOS,,9,19.2944444,,Rise/Tail,55 / 60,50 / 55,,55 / 60,25 / 50,,2900.0,"['94', '96']",98.0,45,sa3008687,95.0,,8.59,46.1,5.27,—,3.302160539,"6' 0""",170,R
42,Reese Olson,SP,DET,,7,22.1916666,,Rise,55 / 60,60 / 60,50 / 55,60 / 60,30 / 40,,,"['93', '96']",97.0,45,sa3008513,94.5,,7.71,105.0,5.06,—,4.714285629,"6' 1""",160,R
43,Yerry Rodriguez,SP,TEX,,9,23.9833333,,Tail,50 / 55,50 / 55,,50 / 55,45 / 50,2500.0,2700.0,"['92', '96']",98.0,45,sa918130,94.0,2600.0,11.04,136.2,2.44,—,2.436584697,"6' 2""",198,R
44,Joey Wentz,SP,DET,,9,24.0083333,3/17/2020,Cut/Rise,45 / 45,,45 / 50,55 / 60,45 / 55,2350.0,2350.0,"['88', '92']",94.0,45,sa917946,90.0,2350.0,8.76,195.2,3.64,—,3.541737039,"6' 5""",209,L
45,Ethan Small,SP,MIL,,5,24.6527777,1/1/2016,RIse,50 / 55,,40 / 45,55 / 60,45 / 55,2200.0,2400.0,"['91', '94']",96.0,45,sa3011621,92.5,2300.0,15.43,21.0,1.71,—,0.857142857,"6' 3""",214,L
46,Abner Uribe,SIRP,MIL,,9,21.3027777,,Rise/Tail,80 / 80,55 / 60,,,30 / 40,,,"['98', '101']",103.0,45,sa3008177,99.5,,8.97,28.1,8.01,—,5.717647748,"6' 2""",200,R
47,Jairo Solis,SP,HOU,,4,21.7972222,6/28/21*,Cut/Rise,60 / 60,50 / 50,60 / 60,45 / 55,30 / 45,2300.0,2500.0,"['92', '95']",97.0,45,sa3003037,93.5,2400.0,9.14,50.2,6.1,—,3.55262935,"6' 2""",205,R
48,Ethan Elliott,SP,SDP,,5,24.4472222,,,45 / 45,45 / 50,,55 / 60,45 / 60,,,"['88', '92']",93.0,45,sa3010380,90.0,,9.72,35.2,1.28,—,1.766353566,"6' 3""",180,L
49,Alexander Vizcaino,SIRP,CHC,,12,24.3805555,,Tail,60 / 60,45 / 50,,60 / 70,30 / 35,2150.0,2500.0,"['93', '97']",98.0,45,sa920272,95.0,2325.0,9.62,173.0,3.85,—,4.630057752,"6' 2""",175,R
50,Drew Strotman,SP,MIN,,7,25.1,6/1/2018,,50 / 55,,50 / 55,30 / 40,45 / 50,2200.0,2550.0,"['92', '95']",97.0,45,sa3004584,93.5,2375.0,8.61,70.0,4.5,—,3.857142857,"6' 3""",195,R
51,Josh Winder,SP,MIN,,9,24.9944444,,Rise,50 / 55,50 / 50,45 / 50,45 / 50,40 / 45,2150.0,2400.0,"['91', '93']",96.0,45,sa3007993,92.0,2275.0,8.78,164.1,2.25,—,2.902630471,"6' 5""",210,R
52,Joe Ryan,MIRP,MIN,,10,25.3444444,,Rise,60 / 60,,50 / 50,45 / 50,50 / 60,2200.0,2550.0,"['90', '94']",96.0,45,21390,92.0,2375.0,13.16,160.0,2.87,—,2.362499944,"6' 1""",185,R
53,Jackson Kowar,SIRP,KCR,,7,25.0138888,,Tail,55 / 60,,45 / 45,70 / 70,40 / 45,2300.0,2400.0,"['93', '96']",98.0,45,21549,94.5,2350.0,8.58,174.2,3.46,—,3.503818184,"6' 5""",200,R
54,Angel Zerpa,SP,KCR,,10,22.0333333,,Tail,40 / 40,,50 / 55,55 / 60,35 / 60,,,"['91', '93']",94.0,45,22717,92.0,,7.69,104.1,2.51,—,3.623003305,"6' 0""",220,L
55,Adam Macko,SP,SEA,,6,20.775,,Rise,55 / 60,55 / 55,55 / 60,,30 / 45,2400.0,2800.0,"['94', '96']",98.0,45,sa3011555,95.0,2600.0,12.47,23.1,5.45,—,3.085718742,"6' 0""",170,L
56,Matt Brash,MIRP,SEA,,7,23.4083333,,Rise/Tail,55 / 60,55 / 60,50 / 55,40 / 45,30 / 45,,,"['94', '98']",100.0,45,sa3010616,96.0,,14.12,5.1,0.0,—,1.687501006,"6' 1""",170,R
57,Juan Then,SP,SEA,,8,21.6722222,,Tail,55 / 60,55 / 60,,40 / 50,40 / 50,2400.0,2450.0,"['93', '96']",98.0,45,sa3002793,94.5,2425.0,8.26,98.1,2.48,—,2.837289108,"6' 1""",175,R
58,Seth Corry,MIRP,SFG,,10,22.9333333,,Sink,50 / 55,,55 / 60,50 / 50,35 / 40,2200.0,2600.0,"['90', '94']",95.0,45,sa3004648,92.0,2400.0,11.54,180.1,5.35,—,2.345651421,"6' 2""",195,L
59,Ken Waldichuk,MIRP,NYY,,10,23.7527777,,Rise/Tail,45 / 55,45 / 50,,45 / 50,45 / 50,2400.0,2200.0,"['90', '94']",95.0,45,sa1115814,92.0,2300.0,15.15,29.1,2.47,—,3.681822411,"6' 4""",220,L
60,Tristan Beck,SP,SFG,,12,25.2916666,,Rise,50 / 50,45 / 45,55 / 55,55 / 55,40 / 45,2250.0,2400.0,"['89', '94']",95.0,45,sa3008526,91.5,2325.0,10.15,86.0,3.56,—,3.767438936,"6' 4""",190,R
61,Luis Gil,SIRP,NYY,,12,23.35,,Rise,70 / 70,50 / 50,,40 / 45,40 / 45,2550.0,2750.0,"['93', '97']",99.0,45,21052,95.0,2650.0,12.11,142.0,5.26,—,2.471831484,"6' 3""",225,R
62,Corbin Martin,SP,ARI,,8,25.7805555,7/4/2019,Rise,45 / 50,55 / 55,55 / 55,50 / 55,50 / 55,2400.0,2650.0,"['93', '95']",98.0,45,19884,94.0,2525.0,9.45,159.1,3.17,—,2.654812245,"6' 2""",200,R
63,Drey Jameson,SP,ARI,,9,24.1444444,,Tail,55 / 60,50 / 50,55 / 60,45 / 50,30 / 45,2300.0,2550.0,"['93', '96']",98.0,45,sa3011652,94.5,2425.0,9.64,11.2,8.04,—,6.171410747,"6' 0""",165,R
64,Ryne Nelson,MIRP,ARI,,11,23.6888888,,Cut/Rise,60 / 60,55 / 60,50 / 55,40 / 50,30 / 40,2150.0,2500.0,"['93', '96']",97.0,45,sa3011524,94.5,2325.0,12.86,18.2,5.44,—,2.892851921,"6' 3""",175,R
65,Luis Frias,SIRP,ARI,,12,23.3777777,,Sink,55 / 55,45 / 50,45 / 50,,30 / 40,2350.0,2350.0,"['93', '97']",99.0,45,21997,95.0,2350.0,10.92,131.0,4.26,—,2.81679176,"6' 3""",180,R
66,Tommy Henry,SP,ARI,,13,24.1944444,,Rise,45 / 50,50 / 55,,50 / 55,35 / 50,2300.0,2150.0,"['88', '92']",93.0,45,sa3011673,90.0,2225.0,12.0,3.0,0.0,—,6.0,"6' 3""",205,L
67,Matt Tabor,SP,ARI,,14,23.2361111,,Rise/Tail,45 / 45,,50 / 55,55 / 60,35 / 50,2450.0,2450.0,"['90', '93']",94.0,45,sa3005334,91.5,2450.0,8.48,156.0,2.02,—,3.057692382,"6' 2""",180,R
68,Daulton Jefferies,SP,OAK,,3,26.1861111,4/26/2017,,45 / 45,50 / 50,,60 / 60,60 / 60,2300.0,2450.0,"['91', '94']",95.0,45,19345,92.5,2375.0,10.89,81.0,1.56,—,3.333333333,"6' 0""",180,R
69,A.J. Puk,SP,OAK,,4,26.4555555,4/10/2018,Rise,50 / 55,60 / 60,50 / 55,55 / 60,40 / 45,2250.0,2250.0,"['94', '97']",99.0,45,19343,95.5,2250.0,13.63,25.1,3.94,—,4.973684835,"6' 7""",230,L
70,Zack Thompson,SP,STL,,5,23.9472222,,Sink,40 / 45,45 / 50,60 / 60,,45 / 50,2050.0,2900.0,"['91', '94']",97.0,45,sa3011128,92.5,2475.0,13.71,15.1,4.17,—,3.52174687,"6' 2""",225,L
71,Andre Jackson,SP,LAD,,10,25.4388888,11/1/2016,Rise,50 / 50,,45 / 45,55 / 60,50 / 55,2400.0,2400.0,"['90', '93']",95.0,45,21298,91.5,2400.0,10.72,182.2,5.43,—,3.448906418,"6' 3""",210,R
72,Kyle Muller,MIRP,ATL,,5,24.0055555,,Rise,70 / 70,55 / 60,55 / 55,45 / 45,30 / 35,2600.0,2200.0,"['95', '96']",98.0,45,20167,95.5,2400.0,8.92,251.1,4.52,—,3.079571078,"6' 7""",250,L
73,Lenny Torres,SP,CLE,,9,20.9833333,5/15/2019,Tail,60 / 60,50 / 60,,40 / 50,40 / 50,2250.0,2400.0,"['92', '95']",97.0,45,sa3008329,93.5,2325.0,13.11,15.1,3.58,—,1.760873435,"6' 2""",190,R
74,Ethan Hankins,SP,CLE,,12,21.3777777,,Tail,55 / 60,50 / 55,50 / 50,45 / 50,30 / 50,2350.0,2500.0,"['92', '95']",97.0,45,sa3008589,93.5,2425.0,11.0,63.0,5.14,—,2.714285796,"6' 6""",215,R
75,Joey Cantillo,SP,CLE,,14,21.8083333,,Rise,45 / 50,,40 / 45,55 / 60,40 / 55,2000.0,2400.0,"['87', '90']",92.0,45,sa3005246,88.5,2200.0,11.63,160.2,3.15,—,2.408713613,"6' 4""",220,L
76,Francisco Morales,SIRP,PHI,,3,21.95,,Tail,55 / 60,60 / 70,,35 / 45,30 / 45,2500.0,2400.0,"['93', '96']",98.0,45,sa3004581,94.5,2450.0,11.59,153.0,5.18,—,4.352941068,"6' 4""",185,R
77,Hans Crouse,SIRP,PHI,,6,23.0666666,,,60 / 60,,60 / 60,45 / 50,40 / 40,2500.0,2700.0,"['94', '97']",98.0,45,22192,95.5,2600.0,8.74,142.1,2.98,—,3.667445521,"6' 4""",180,R
78,Erik Miller,MIRP,PHI,,7,23.6555555,,Sink,45 / 50,50 / 55,50 / 55,55 / 60,30 / 50,2350.0,2750.0,"['90', '95']",96.0,45,sa3011336,92.5,2550.0,13.0,36.0,5.0,—,1.5,"6' 5""",220,L
79,Kyle Bradish,SIRP,BAL,,9,25.075,,Rise,50 / 50,50 / 50,55 / 55,45 / 50,30 / 40,2250.0,2550.0,"['92', '94']",97.0,45,sa3008605,93.0,2400.0,10.69,101.0,4.9,—,4.277227723,"6' 4""",205,R
80,Mike Baumann,SP,BAL,,10,26.0805555,,Rise,60 / 60,50 / 50,50 / 50,40 / 45,40 / 45,2350.0,2400.0,"['92', '95']",97.0,45,20206,93.5,2375.0,8.78,254.2,3.61,—,3.0746069,"6' 4""",225,R
81,Eduard Bazardo,SIRP,BOS,,11,26.1055555,,Rise,55 / 60,,70 / 70,,30 / 35,2250.0,2900.0,"['94', '96']",98.0,40+,20997,95.0,2575.0,10.25,151.0,2.15,—,2.443708609,"6' 0""",165,R
82,Brayan Bello,SIRP,BOS,,12,22.3944444,,Tail,55 / 60,40 / 45,,55 / 60,30 / 40,2250.0,2400.0,"['92', '95']",98.0,40+,sa3005436,93.5,2325.0,9.39,185.0,2.87,—,4.037831344,"6' 1""",170,R
83,Jay Groome,SP,BOS,,13,23.1277777,5/15/2018,Rise,50 / 50,40 / 45,55 / 55,45 / 50,40 / 50,2250.0,2500.0,"['92', '94']",95.0,40+,sa917925,93.0,2375.0,13.5,4.0,2.25,—,2.25,"6' 5""",262,L
84,Thaddeus Ward,MIRP,BOS,,15,24.7305555,,Tail,45 / 50,50 / 55,45 / 45,40 / 45,40 / 45,2250.0,2700.0,"['90', '94']",96.0,40+,sa3008098,92.0,2475.0,10.54,157.1,4.87,—,2.459746319,"6' 3""",185,R
85,Brandon Walter,MIRP,BOS,,16,25.0861111,,Tail,55 / 55,45 / 50,,50 / 55,40 / 50,2300.0,2800.0,"['92', '95']",96.0,40+,sa3010826,93.5,2550.0,10.6,33.1,3.26,—,2.700002575,"6' 2""",200,L
86,Jose Soriano,SIRP,PIT,,27,22.9694444,2/6/2020,Rise,55 / 60,,50 / 55,30 / 40,30 / 40,2250.0,2300.0,"['93', '97']",99.0,40+,sa916702,95.0,2275.0,9.41,128.2,6.46,—,3.217616405,"6' 3""",168,R
87,Justin Slaten,MIRP,TEX,,15,24.0666666,,,55 / 55,60 / 70,,45 / 50,35 / 45,2300.0,2400.0,"['92', '96']",97.0,40+,sa3010309,94.0,2350.0,12.3,16.1,3.91,—,6.061236994,"6' 4""",222,R
88,Ronny Henriquez,SP,TEX,,16,21.3027777,,,55 / 55,40 / 45,,50 / 60,35 / 55,2400.0,2350.0,"['93', '96']",97.0,40+,sa3005835,94.5,2375.0,11.44,140.0,2.44,—,3.278571429,"5' 8""",155,R
89,Eddy Yean,SP,PIT,,29,20.2888888,,Tail,50 / 60,50 / 55,,45 / 55,25 / 50,2300.0,2350.0,"['91', '94']",96.0,40+,sa3006543,92.5,2325.0,7.5,90.0,4.7,—,4.7,"6' 1""",180,R
90,A.J. Alexy,SIRP,TEX,,19,23.4666666,,Rise,60 / 60,,55 / 60,40 / 45,30 / 35,2250.0,2400.0,"['93', '97']",99.0,40+,22343,95.0,2325.0,11.4,127.1,5.31,—,3.816754937,"6' 4""",195,R
91,Ricky Vanasco,MIRP,TEX,,22,22.9888888,44095,Rise,55 / 60,,60 / 70,,35 / 40,2250.0,,"['92', '96']",98.0,40+,sa3004863,94.0,,12.15,74.1,4.98,—,2.663674715,"6' 3""",180,R
92,Avery Weems,MIRP,TEX,,24,24.3416666,,Tail,50 / 50,,55 / 60,45 / 50,30 / 40,,,"['92', '94']",96.0,40+,sa3010256,93.0,,11.08,60.1,2.1,—,2.08839889,"6' 2""",205,L
93,Antoine Kelly,SIRP,MIL,,17,21.8444444,,Tail,60 / 65,40 / 50,,30 / 45,30 / 50,2250.0,2250.0,"['93', '96']",98.0,40+,sa3011135,94.5,2250.0,12.98,31.2,2.6,—,2.842102239,"6' 5""",205,L
94,Max Lazar,SP,MIL,,20,22.35,1/1/2021,Rise,40 / 50,,40 / 45,55 / 60,45 / 55,2100.0,,"['86', '89']",91.0,40+,sa3005163,87.5,,10.24,153.0,2.18,—,3.235294118,"6' 3""",185,R
95,Peter Solomon,SP,HOU,,7,25.1472222,6/1/2019,,50 / 50,50 / 50,50 / 50,55 / 60,40 / 45,2350.0,2550.0,"['90', '94']",95.0,40+,20476,92.0,2450.0,10.66,108.1,3.0,—,2.326153013,"6' 4""",211,R
96,Tyler Ivey,MIRP,HOU,,8,25.4083333,,Rise,55 / 55,45 / 50,60 / 60,45 / 50,40 / 40,2350.0,2700.0,"['90', '92']",95.0,40+,20237,91.0,2525.0,11.14,164.0,2.85,—,2.469512253,"6' 4""",195,R
97,Forrest Whitley,MIRP,HOU,,9,24.0666666,3/17/2021,Rise,60 / 60,55 / 55,60 / 60,60 / 60,30 / 40,2500.0,2900.0,"['93', '97']",99.0,40+,sa917930,95.0,2700.0,12.56,86.0,6.38,—,6.697677538,"6' 7""",238,R
98,Shawn Dubin,SIRP,HOU,,12,26.0916666,,Rise,55 / 55,60 / 60,50 / 50,,40 / 40,2300.0,2750.0,"['92', '95']",97.0,40+,sa3007248,93.5,2525.0,11.7,140.0,4.37,—,3.792857091,"6' 1""",170,R
99,Reiss Knehr,MIRP,SDP,,7,24.9333333,,Tail,45 / 50,45 / 50,,50 / 55,40 / 45,,,"['91', '94']",95.0,40+,21541,92.5,,11.41,101.0,4.37,—,4.722772366,"6' 0""",205,R
100,Ryan Jensen,MIRP,CHC,,16,23.8777777,,Sink/Tail,70 / 70,45 / 50,,45 / 50,40 / 50,2550.0,2450.0,"['93', '96']",99.0,40+,sa3011496,94.5,2500.0,14.25,12.0,12.0,—,2.25,"6' 0""",180,R
101,Kohl Franklin,SP,CHC,,23,22.0833333,,,45 / 50,,50 / 55,55 / 60,35 / 50,2200.0,2700.0,"['90', '93']",95.0,40+,sa3008335,91.5,2450.0,10.76,50.2,5.2,—,3.019736653,"6' 4""",190,R
102,Cole Sands,SP,MIN,,17,24.2277777,,Tail,50 / 55,,55 / 55,45 / 50,40 / 45,2450.0,3000.0,"['91', '94']",96.0,40+,sa3008611,92.5,2725.0,10.01,97.1,2.32,—,2.681507725,"6' 3""",215,R
103,Caleb Kilian,SP,CHC,,25,24.3527777,,Tail,45 / 45,45 / 50,45 / 50,45 / 50,60 / 70,,,"['91', '93']",,40+,sa3011773,92.0,,9.56,16.0,1.69,—,0.0,"6' 4""",180,R
104,Julian Merryweather,SIRP,TOR,,8,29.9861111,3/10/2018,Rise,70 / 70,50 / 50,45 / 45,60 / 60,45 / 45,2200.0,2550.0,"['96', '98']",99.0,40+,16703,97.0,2375.0,10.5,6.0,3.0,—,9.0,"6' 4""",215,R
105,Riley Thompson,MIRP,CHC,,26,25.25,6/1/2015,,50 / 55,,55 / 60,45 / 45,40 / 45,2350.0,3000.0,"['92', '94']",96.0,40+,sa876287,93.0,2675.0,8.46,119.1,3.4,—,3.016760628,"6' 3""",205,R
106,Sem Robberse,SP,TOR,,9,19.9916666,,Rise,45 / 50,20 / 50,50 / 55,20 / 50,30 / 50,2400.0,2500.0,"['88', '81']",93.0,40+,sa3011735,84.5,2450.0,8.02,10.1,0.89,—,0.870970582,"6' 1""",160,R
107,Jonathan Bowlan,SP,KCR,,13,24.8555555,,Sink,50 / 55,50 / 55,,40 / 45,50 / 60,2250.0,2300.0,"['91', '95']",97.0,40+,sa3006973,93.0,2275.0,8.6,181.0,1.99,—,3.878453039,"6' 6""",240,R
108,Austin Cox,MIRP,KCR,,15,24.5305555,,Rise,45 / 50,50 / 50,50 / 50,50 / 55,30 / 40,2200.0,2450.0,"['89', '93']",95.0,40+,sa3007777,91.0,2325.0,9.88,164.0,3.07,—,2.963416426,"6' 4""",235,L
109,Brandon Williamson,MIRP,SEA,,9,23.5194444,,Rise,55 / 55,50 / 55,55 / 60,45 / 50,35 / 40,2250.0,2650.0,"['92', '95']",97.0,40+,sa3011494,93.5,2450.0,14.9,15.1,3.58,—,2.347831247,"6' 6""",210,L
110,Wyatt Mills,SIRP,SEA,,10,26.7055555,,Sink/Tail,50 / 50,55 / 55,,45 / 50,50 / 55,2050.0,2550.0,"['92', '94']",95.0,40+,20010,93.0,2300.0,10.69,105.2,3.59,—,3.917979823,"6' 3""",190,R
111,Aldo Ramirez,SP,WSN,,8,20.425,,Rise,45 / 50,45 / 50,,45 / 55,35 / 60,2150.0,2200.0,"['90', '95']",96.0,40+,sa3005371,92.5,2175.0,8.55,84.2,2.57,—,2.976376835,"6' 0""",191,R
112,Gerardo Carrillo,SIRP,WSN,,10,23.0722222,,Sink/Tail,60 / 65,50 / 55,50 / 50,45 / 55,30 / 40,2300.0,2650.0,"['93', '96']",99.0,40+,sa3002790,94.5,2475.0,8.38,146.0,5.61,—,3.821917808,"6' 0""",160,R
113,Seth Romero,MIRP,WSN,,11,25.4722222,8/30/2018,Sink,45 / 50,55 / 60,,55 / 60,40 / 40,2300.0,2300.0,"['91', '93']",96.0,40+,21333,92.0,2300.0,12.19,25.1,4.3,—,3.907899935,"6' 3""",225,L
114,Matt Cronin,SIRP,WSN,,12,24.0527777,,Rise,60 / 65,,55 / 60,40 / 45,40 / 45,2400.0,2550.0,"['93', '95']",96.0,40+,sa3011463,94.0,2475.0,16.77,22.0,4.91,—,0.818181818,"6' 2""",202,L
115,T.J. Sikkema,SP,NYY,,13,23.2055555,,Tail,45 / 50,50 / 55,,40 / 50,45 / 60,2250.0,2300.0,"['90', '94']",95.0,40+,sa3011191,92.0,2275.0,11.47,10.2,1.76,—,0.843747335,"6' 0""",221,L
116,Camilo Doval,SIRP,SFG,,16,24.2638888,,Cut,,55 / 55,,,20 / 30,2750.0,2700.0,"['93', '98']",99.0,40+,21992,95.5,2725.0,13.03,109.1,5.61,—,3.457318078,"6' 2""",185,R
117,William Holmes,SP,LAA,,11,20.8,,Tail,45 / 50,45 / 55,,45 / 55,30 / 50,2450.0,,"['88', '94']",95.0,40+,sa3007744,91.0,,14.19,24.1,8.59,—,5.178089362,"6' 3""",185,R
118,Stephen Ridings,SIRP,NYY,,17,26.1527777,,Sink,70 / 70,55 / 55,,,45 / 45,2300.0,2200.0,"['96', '98']",100.0,40+,22358,97.0,2250.0,13.05,91.0,5.24,—,5.241758242,"6' 8""",220,R
119,Sam Delaplane,SIRP,SFG,,21,26.5333333,4/13/2020,Rise,60 / 60,70 / 70,,,40 / 45,2150.0,2800.0,"['92', '95']",97.0,40+,sa3004222,93.5,2475.0,15.46,128.1,3.79,—,2.10389503,"5' 11""",175,R
120,Blake Rivera,SIRP,SFG,,22,23.75,,Cut,55 / 55,,70 / 70,40 / 40,40 / 40,2600.0,2800.0,"['92', '96']",97.0,40+,sa3008261,94.0,2700.0,9.67,94.0,5.46,—,4.691489362,"6' 5""",225,R
121,Levi Kelly,MIRP,ARI,,15,22.4027777,,Rise,45 / 50,60 / 70,50 / 50,,30 / 40,2250.0,2500.0,"['90', '94']",96.0,40+,sa3008500,92.0,2375.0,11.2,106.1,3.99,—,2.031354327,"6' 4""",205,R
122,Sean Hjelle,SP,SFG,,23,24.4222222,,None,50 / 50,,45 / 50,45 / 50,45 / 55,2500.0,2200.0,"['91', '94']",96.0,40+,sa3007989,92.5,2350.0,8.78,165.0,3.16,—,3.545454545,"6' 11""",215,R
123,Kervin Castro,SIRP,SFG,,24,22.6722222,5/1/2017,Rise,60 / 60,,50 / 55,,30 / 40,2250.0,,"['93', '96']",98.0,40+,21656,94.5,,8.31,68.2,2.38,—,2.621357864,"6' 0""",210,R
124,Jhosmer Alvarez,SIRP,ARI,,19,20.2777777,,Rise,50 / 55,,40 / 45,,35 / 40,2100.0,2200.0,"['92', '96']",98.0,40+,sa3005437,94.0,2150.0,8.59,66.0,3.55,—,3.272728691,"6' 1""",155,R
125,Justin Martinez,SP,ARI,,20,20.1916666,,Tail,55 / 60,45 / 50,,40 / 50,30 / 50,2350.0,2300.0,"['92', '96']",98.0,40+,sa3005864,94.0,2325.0,9.72,100.0,8.46,—,4.949999906,"6' 3""",180,R
126,Jared Solomon,SIRP,CIN,,13,24.3305555,11/22/2020,Tail,70 / 70,60 / 60,,,40 / 45,2350.0,2500.0,"['96', '98']",99.0,40+,sa3004589,97.0,2425.0,8.52,188.0,5.31,—,3.734042629,"6' 2""",192,R
127,Tony Santillan,SIRP,CIN,,15,24.4833333,,Tail,50 / 50,55 / 55,,45 / 50,40 / 45,2200.0,2600.0,"['91', '94']",96.0,40+,19926,92.5,2400.0,8.1,251.1,3.76,—,3.795760942,"6' 3""",240,R
128,Colin Peluse,MIRP,OAK,,9,23.3277777,,,55 / 60,55 / 60,,45 / 55,30 / 45,,,"['93', '96']",97.0,40+,sa3011126,94.5,,9.75,24.0,4.13,—,2.25,"6' 3""",230,R
129,Michael Grove,MIRP,LAD,,14,24.8083333,5/1/2017,Rise,55 / 60,45 / 50,55 / 55,40 / 40,45 / 50,2300.0,2500.0,"['90', '93']",95.0,40+,sa3008625,91.5,2400.0,12.83,51.2,3.52,—,6.096770442,"6' 3""",200,R
130,Tucker Davidson,MIRP,ATL,,9,25.5388888,,Rise,45 / 55,50 / 55,55 / 55,40 / 40,40 / 40,2200.0,2500.0,"['91', '95']",98.0,40+,19871,93.0,2350.0,8.46,248.0,4.5,—,3.120967742,"6' 2""",215,L
131,Hyun-il Choi,SP,LAD,,17,21.3666666,,Sink,45 / 50,,40 / 45,,45 / 60,2300.0,2150.0,"['90', '93']",95.0,40+,sa3009992,91.5,2225.0,9.83,65.0,2.63,—,2.630769231,"6' 2""",200,R
132,Robinson Ortiz,MIRP,LAD,,19,21.7638888,,Tail,50 / 55,,45 / 55,50 / 55,30 / 40,2200.0,2550.0,"['89', '94']",98.0,40+,sa3004006,91.5,2375.0,8.83,118.2,4.57,—,4.474721642,"6' 0""",190,L
133,Freddy Tarnok,SP,ATL,,12,22.875,,Rise,45 / 55,,50 / 55,45 / 55,35 / 50,2450.0,2275.0,"['89', '92']",96.0,40+,sa3005175,90.5,2362.5,8.55,183.1,4.57,—,4.418182676,"6' 3""",185,R
134,Nick Mikolajchak,SIRP,CLE,,21,23.8833333,,Rise,55 / 60,,55 / 60,50 / 55,40 / 50,2350.0,2900.0,"['90', '93']",95.0,40+,sa3010303,91.5,2625.0,12.96,25.0,1.08,—,0.36,"6' 2""",215,R
135,Josh Wolf,SIRP,CLE,,22,21.1055555,,Tail,50 / 60,35 / 55,50 / 60,40 / 45,30 / 45,2300.0,2350.0,"['92', '95']",97.0,40+,sa3011638,93.5,2325.0,13.5,8.0,1.13,—,3.375,"6' 2""",175,R
136,Cody Morris,MIRP,CLE,,23,24.9305555,6/2/2015,Tail,55 / 55,,50 / 55,50 / 50,40 / 45,2400.0,2400.0,"['92', '95']",98.0,40+,sa3008653,93.5,2400.0,11.22,89.0,3.24,—,4.348314607,"6' 5""",225,R
137,JoJo Romero,MIRP,PHI,,13,25.0555555,,Sink,55 / 55,50 / 55,,50 / 55,45 / 45,2250.0,2550.0,"['93', '95']",96.0,40+,19574,94.0,2400.0,7.93,218.0,4.09,—,4.830266439,"5' 10""",190,L
138,Taj Bradley,SP,TBR,,18,20.5527777,,Cut/Rise,55 / 60,50 / 55,,30 / 45,30 / 45,2400.0,2500.0,"['93', '97']",97.0,40+,sa3007839,95.0,2450.0,9.85,74.0,4.99,—,3.77027027,"6' 0""",180,R
139,Helcris Olivarez,SP,COL,,10,21.1694444,,Tail,55 / 60,,50 / 55,30 / 45,30 / 45,2350.0,2550.0,"['94', '96']",98.0,40+,sa3002965,95.0,2450.0,11.1,115.1,5.08,—,3.121385563,"6' 2""",192,L
140,Ryan Rolison,SP,COL,,13,24.2444444,,Cut/Rise,40 / 45,,60 / 60,40 / 50,35 / 45,2250.0,2600.0,"['89', '94']",96.0,40+,sa3008244,91.5,2425.0,9.34,160.0,2.87,—,3.937507369,"6' 2""",195,L
141,Nick Neidert,SP,MIA,,21,24.8861111,,,40 / 40,45 / 45,45 / 45,60 / 60,60 / 70,2300.0,2250.0,"['90', '93']",95.0,40+,18699,91.5,2275.0,8.73,206.2,2.84,—,3.614510165,"6' 1""",202,R
142,Kutter Crawford,SP,BOS,,18,25.5222222,,Rise,50 / 50,45 / 50,55 / 55,,50 / 55,2400.0,2400.0,"['91', '95']",96.0,40,20531,93.0,2400.0,9.97,232.0,4.15,—,3.375005827,"6' 1""",209,R
143,Alex Faedo,SP,DET,,16,25.9083333,12/28/2020,Tail,45 / 50,60 / 60,,40 / 45,55 / 60,2350.0,2700.0,"['90', '93']",95.0,40,sa829855,91.5,2525.0,9.3,236.1,2.74,—,3.96051334,"6' 5""",230,R
144,Michael Burrows,SIRP,PIT,,31,21.9194444,,Rise,50 / 55,,55 / 60,,30 / 40,2550.0,2800.0,"['90', '94']",96.0,40,sa3008517,92.0,2675.0,8.18,57.2,4.41,—,3.277454841,"6' 2""",183,R
145,Austin Roberts,SP,PIT,,34,23.2,,,50 / 55,,50 / 50,55 / 60,30 / 40,2250.0,,"['92', '95']",96.0,40,sa3010254,93.5,,8.55,40.0,2.48,—,2.7,"6' 0""",220,R
146,Frank German,RHP,BOS,,28,24.0472222,,Cut/Rise,60 / 65,40 / 50,,45 / 50,35 / 40,2200.0,2400.0,"['92', '96']",98.0,40,sa3007729,94.0,2300.0,10.37,111.1,3.97,—,3.556887304,"6' 2""",195,R
147,Paul Richan,SP,DET,,22,24.5361111,,Rise,40 / 40,40 / 40,45 / 45,45 / 50,55 / 60,2150.0,2200.0,"['89', '91']",93.0,40,sa3008025,90.0,2175.0,8.58,153.1,1.7,—,3.639128835,"6' 2""",200,R
148,Max Kranick,SP,PIT,,35,24.2166666,,Tail,50 / 55,45 / 50,,40 / 45,45 / 45,,,"['92', '96']",98.0,40,22175,94.0,,7.46,187.1,2.93,—,3.795380415,"6' 3""",215,R
149,Jacob Wallace,SIRP,BOS,,29,23.1555555,,Tail,45 / 50,50 / 60,,50 / 55,30 / 40,2500.0,2850.0,"['88', '93']",96.0,40,sa3010374,90.5,2675.0,12.43,21.0,4.29,—,1.285714286,"6' 1""",190,R
150,Jason Foley,SIRP,DET,,23,25.9388888,,Tail,65 / 65,45 / 45,,,40 / 40,2250.0,2200.0,"['94', '97']",100.0,40,19531,95.5,2225.0,8.8,44.0,4.7,—,3.886363636,"6' 4""",215,R
151,Grant Gambrell,MIRP,BOS,,30,23.8833333,,Rise/Tail,50 / 55,,55 / 60,45 / 50,30 / 40,2450.0,2550.0,"['91', '94']",96.0,40,sa3011129,92.5,2500.0,9.33,27.0,4.33,—,6.666666667,"6' 4""",220,R
152,Zack Hess,SIRP,DET,,24,24.6222222,,Rise,60 / 60,55 / 60,,40 / 45,40 / 45,2500.0,2550.0,"['93', '95']",97.0,40,sa3010777,94.0,2525.0,10.92,27.2,5.63,—,2.60240934,"6' 6""",216,R
153,Ricky DeVito,SP,PIT,,37,23.1333333,,0.0625,50 / 50,,45 / 50,,30 / 40,2200.0,,"['92', '95']",97.0,40,sa1116003,93.5,,8.7,36.2,4.97,—,3.436360478,"6' 2""",166,R
154,Brendan Cellucci,SIRP,BOS,,31,23.275,,Rise,60 / 60,,60 / 60,,20 / 35,,,"['94', '96']",97.0,40,sa3011710,95.0,,12.75,12.0,6.0,—,5.25,"6' 4""",200,L
155,Santiago Florez,SIRP,PIT,,38,21.4166666,,Rise,50 / 60,,50 / 60,,30 / 45,2400.0,2800.0,"['92', '94']",95.0,40,sa3003026,93.0,2600.0,7.52,85.0,5.61,—,3.811764706,"6' 5""",222,R
156,Kevin Gowdy,SP,TEX,,26,23.8972222,8/15/2017,,45 / 50,50 / 55,,40 / 45,45 / 50,,,"['90', '94']",,40,sa917928,92.0,,6.19,77.0,6.31,—,4.675324675,"6' 4""",170,R
157,Blake Cederlind,SIRP,PIT,,40,25.7638888,3/23/2021,Sink,60 / 60,50 / 50,,,30 / 35,2150.0,2000.0,"['96', '98']",100.0,40,20344,97.0,2075.0,9.0,109.0,5.45,—,3.46789094,"6' 4""",215,R
158,Wilkel Hernandez,SP,DET,,28,22.4888888,11/15/2020,Rise,50 / 55,,50 / 55,40 / 50,35 / 50,2350.0,2550.0,"['90', '93']",96.0,40,sa918026,91.5,2450.0,8.15,149.0,3.32,—,4.167794465,"6' 3""",195,R
159,Durbin Feltman,SIRP,BOS,,35,24.475,,Rise,55 / 60,55 / 55,45 / 50,,35 / 40,2300.0,2350.0,"['92', '95']",96.0,40,sa3007959,93.5,2325.0,10.92,74.2,4.73,—,4.2187537,"6' 1""",208,R
160,Steven Jennings,SP,PIT,,43,22.9055555,,Rise,40 / 45,50 / 55,45 / 50,35 / 45,35 / 60,2500.0,3000.0,"['88', '92']",93.0,40,sa3004812,90.0,2750.0,7.75,195.1,3.37,—,4.745734653,"6' 2""",175,R
161,Dylan File,SP,MIL,,22,25.3472222,,Rise,40 / 40,50 / 55,50 / 50,55 / 55,55 / 60,2250.0,2700.0,"['88', '92']",92.0,40,sa3004197,90.0,2475.0,7.95,283.1,2.1,—,3.589416082,"6' 1""",205,R
162,Victor Castaneda,MIRP,MIL,,24,23.1166666,,Sink,45 / 45,,45 / 45,55 / 55,40 / 45,2150.0,,"['91', '94']",95.0,40,sa978399,92.5,,9.19,91.1,3.06,—,4.828468834,"6' 1""",185,R
163,Glenn Otto,SIRP,TEX,,34,25.5777777,,Rise,55 / 55,,55 / 60,,35 / 40,2400.0,2650.0,"['92', '94']",96.0,40,21366,93.0,2525.0,10.37,71.2,5.69,—,3.265119263,"6' 5""",240,R
164,Ryan Garcia,SP,TEX,,36,23.7083333,43891,Rise,40 / 40,50 / 55,45 / 45,40 / 45,30 / 50,2300.0,2350.0,"['91', '93']",94.0,40,sa3011190,92.0,2325.0,14.4,5.0,3.6,—,3.6,"6' 0""",180,R
165,Justin Topa,SIRP,MIL,,27,30.5888888,5/1/15*,Tail,70 / 70,60 / 60,,,30 / 30,2100.0,2600.0,"['96', '98']",100.0,40,15145,97.0,2350.0,8.44,84.2,3.1,—,5.208661207,"6' 4""",200,R
166,Alex Speas,SIRP,TEX,,42,23.5972222,6/25/2018,,70 / 70,,70 / 70,,20 / 30,2350.0,2700.0,"['95', '97']",99.0,40,sa917945,96.0,2525.0,15.72,29.2,7.09,—,2.123593094,"6' 4""",225,R
167,Cole Uvila,SIRP,TEX,,43,27.6916666,1/1/2016,Rise,50 / 50,,60 / 60,55 / 55,30 / 40,2550.0,,"['91', '94']",96.0,40,sa3006804,92.5,,13.39,96.1,5.62,—,1.961936383,"6' 3""",206,R
168,Nic Laio,SIRP,TEX,,44,24.1972222,,Tail,50 / 50,50 / 60,,35 / 45,45 / 50,,,"['93', '94']",95.0,40,sa3009861,93.5,,11.55,45.2,2.19,—,3.744522941,"6' 5""",205,R
169,Austin Hansen,SIRP,HOU,,18,25.1222222,,,55 / 55,55 / 55,,50 / 55,35 / 40,,,"['93', '95']",96.0,40,sa3006956,94.0,,12.54,124.2,5.14,—,2.021389828,"6' 0""",204,R
170,Angel Macuare,SP,HOU,,19,21.6,,Rise,45 / 50,45 / 50,55 / 55,40 / 45,35 / 45,2250.0,2350.0,"['89', '91']",94.0,40,sa3003039,90.0,2300.0,9.51,70.0,5.66,—,4.499999877,"6' 2""",250,R
171,Jojanse Torres,SIRP,HOU,,20,26.1805555,,Rise/Tail,60 / 60,55 / 55,,50 / 50,35 / 35,2400.0,2350.0,"['94', '97']",99.0,40,sa3006955,95.5,2375.0,10.32,135.2,4.13,—,1.85749337,"6' 2""",175,R
172,Carlos Guarate,SP,SDP,,15,20.525,,,45 / 45,,50 / 55,40 / 50,35 / 50,2300.0,2400.0,"['88', '91']",93.0,40,sa3006127,89.5,2350.0,7.54,75.2,2.63,—,2.259910945,"6' 2""",178,R
173,Efrain Contreras,SP,SDP,,16,21.7694444,,,50 / 50,45 / 50,,55 / 60,35 / 55,,,"['92', '94']",97.0,40,sa3005692,93.0,,9.96,178.0,2.83,—,3.033702761,"5' 10""",210,R
174,Sam McWilliams,SIRP,SDP,,19,26.0972222,,Tail,60 / 60,50 / 55,,,30 / 40,2500.0,2500.0,"['94', '97']",98.0,40,sa829124,95.5,2500.0,8.09,269.1,4.01,—,4.243815508,"6' 7""",230,R
175,Steven Wilson,SIRP,SDP,,20,27.125,2/1/2016,Rise,60 / 60,55 / 55,,30 / 30,40 / 45,2450.0,2750.0,"['91', '95']",97.0,40,sa3006795,93.0,2600.0,11.75,72.0,4.0,—,3.25,"6' 3""",221,R
176,Reggie Lawson,SIRP,SDP,,21,24.1861111,3/20/2020,,50 / 55,,55 / 55,45 / 50,35 / 45,2200.0,2300.0,"['92', '95']",97.0,40,sa917951,93.5,2250.0,9.55,144.2,4.12,—,4.790321465,"6' 4""",205,R
177,Javy Guerra,SIRP,SDP,,22,26.0388888,,,65 / 65,45 / 55,,,35 / 45,2450.0,2600.0,"['96', '98']",100.0,40,17292,97.0,2525.0,12.8,21.1,4.27,—,3.375000503,"5' 11""",185,R
178,Chris Vallimont,SP,MIN,,20,24.5583333,,Rise,45 / 45,45 / 50,45 / 50,40 / 50,40 / 50,2350.0,2600.0,"['89', '93']",95.0,40,sa3008026,91.0,2475.0,9.8,156.2,3.69,—,3.791491039,"6' 5""",220,R
179,Michael McAvene,SIRP,CHC,,32,24.125,4/1/2017,,65 / 70,50 / 55,,,35 / 40,2300.0,2450.0,"['94', '98']",100.0,40,sa3011727,96.0,2375.0,14.75,12.2,5.16,—,1.421048851,"6' 3""",210,R
180,Blayne Enlow,MIRP,MIN,,26,22.55,6/11/2021,Sink,50 / 50,50 / 50,,45 / 50,40 / 45,2300.0,2550.0,"['91', '94']",96.0,40,sa3005117,92.5,2425.0,7.32,204.2,4.05,—,3.561890424,"6' 3""",200,R
181,Bowden Francis,SP,TOR,,15,25.4638888,,Rise,50 / 50,55 / 55,45 / 45,45 / 50,50 / 55,2600.0,2600.0,"['92', '94']",95.0,40,sa918451,93.0,2600.0,9.03,270.2,3.53,—,4.222901087,"6' 5""",225,R
182,Hunter Bigge,SIRP,CHC,,33,23.325,,Rise,55 / 60,,50 / 55,,40 / 50,2350.0,2450.0,"['92', '96']",99.0,40,sa3011341,94.0,2400.0,12.38,16.0,5.63,—,1.125,"6' 0""",205,R
183,Alex Scherff,SIRP,MIN,,27,23.6777777,,,55 / 55,45 / 45,,60 / 60,30 / 35,,,"['93', '96']",,40,sa3005397,94.5,,7.5,199.1,4.07,—,4.695652249,"6' 3""",205,R
184,Edwar Colina,SIRP,MIN,,28,24.4333333,,Sink,60 / 60,50 / 55,,40 / 40,40 / 45,2400.0,2800.0,"['94', '98']",100.0,40,20589,96.0,2600.0,9.08,206.2,4.06,—,2.787096757,"5' 11""",240,R
185,Joey Murray,MIRP,TOR,,17,25.0444444,,Rise,50 / 55,50 / 55,50 / 55,40 / 45,40 / 45,2450.0,2700.0,"['88', '91']",93.0,40,sa3007234,89.5,2575.0,11.48,163.0,3.64,—,2.595090445,"6' 2""",195,R
186,Jovani Moran,SIRP,MIN,,29,24.4583333,,Rise,45 / 45,45 / 45,,70 / 70,40 / 40,2300.0,2475.0,"['90', '93']",95.0,40,20422,91.5,2387.5,12.88,113.2,5.49,—,3.008798535,"6' 1""",180,L
187,Yovanny Cruz,SP,CHC,,36,22.1277777,,Sink/Tail,65 / 70,45 / 50,,50 / 60,30 / 45,1900.0,2100.0,"['97', '99']",100.0,40,sa3002951,98.0,2000.0,10.35,72.2,4.86,—,3.839447761,"6' 1""",190,R
188,Jackson Rees,SIRP,TOR,,19,27.1916666,,Sink,50 / 50,,70 / 70,,35 / 35,2350.0,2750.0,"['91', '94']",95.0,40,sa3007818,92.5,2550.0,12.04,83.0,2.49,—,1.843374129,"6' 4""",210,R
189,Eric Pardinho,SP,TOR,,20,20.7611111,2/11/2020,Sink,40 / 50,45 / 50,50 / 55,45 / 50,35 / 55,2100.0,2100.0,"['90', '93']",94.0,40,sa968102,91.5,2100.0,10.22,87.2,3.41,—,2.566538993,"5' 10""",170,R
190,Benjamin Rodriguez,SP,CHC,,38,22.2,,Rise,45 / 50,,45 / 55,40 / 50,30 / 50,2300.0,,"['90', '92']",94.0,40,sa3004962,91.0,,6.65,115.0,4.38,—,3.991304215,"6' 1""",165,R
191,Adam Kloffenstein,SP,TOR,,21,21.1222222,,Sink,45 / 50,50 / 55,40 / 45,40 / 50,30 / 50,2000.0,2300.0,"['88', '92']",94.0,40,sa3008578,90.0,2150.0,9.26,66.1,3.95,—,2.170855437,"6' 5""",243,R
192,Cory Abbott,SP,CHC,,40,26.0527777,,Tail,40 / 40,50 / 50,45 / 45,45 / 45,55 / 55,2350.0,2500.0,"['88', '93']",95.0,40,20277,90.5,2425.0,10.23,261.2,3.38,—,2.785983592,"6' 2""",210,R
193,Cayne Ueckert,SIRP,CHC,,41,25.3638888,,Rise,60 / 60,50 / 55,,,40 / 45,,,"['95', '98']",99.0,40,sa3010789,96.5,,10.09,23.2,5.04,—,1.901405743,"6' 3""",195,R
194,Josh Burgmann,SP,CHC,,42,23.7,4/1/2017,,40 / 45,40 / 50,55 / 60,40 / 45,35 / 50,2350.0,3000.0,"['91', '93']",97.0,40,sa3011409,92.0,2675.0,10.42,19.0,1.42,—,3.789473684,"6' 0""",205,R
195,Dylan Coleman,SIRP,KCR,,18,23.0638888,,Tail/Rise,65 / 65,55 / 55,,,40 / 40,2500.0,2650.0,"['96', '100']",101.0,40,22276,98.0,2575.0,10.89,56.2,5.28,—,3.176467002,"6' 5""",230,R
196,Manuel Rodriguez,SIRP,CHC,,44,25.175,,,65 / 65,,55 / 55,,35 / 35,2350.0,,"['94', '97']",99.0,40,20794,95.5,,13.33,87.1,6.41,—,5.358780577,"5' 11""",205,R
197,Josh Dye,MIRP,KCR,,21,25.0694444,,Sink/Tail,35 / 40,,50 / 50,55 / 55,50 / 60,2000.0,,"['88', '91']",92.0,40,sa3007485,89.5,,10.56,103.1,2.62,—,2.961288446,"6' 5""",180,L
198,Yohanse Morel,MIRP,KCR,,27,21.1277777,,Sink,45 / 45,45 / 50,,55 / 60,35 / 50,2300.0,2550.0,"['89', '93']",94.0,40,sa3005685,91.0,2425.0,9.9,99.1,4.72,—,5.073825678,"6' 0""",170,R
199,Jon Heasley,SIRP,KCR,,29,24.7,,,55 / 55,40 / 45,,55 / 60,35 / 40,2350.0,2800.0,"['91', '94']",96.0,40,22224,92.5,2575.0,8.55,163.1,3.26,—,3.746930404,"6' 3""",225,R
200,Charlie Neuweiler,SP,KCR,,30,22.6694444,,,40 / 40,,55 / 60,,35 / 55,2350.0,2700.0,"['88', '92']",93.0,40,sa3004345,90.0,2525.0,9.03,208.2,4.8,—,4.744401197,"6' 1""",205,R
201,Ronald Bolanos,SP,KCR,,33,25.1277777,,Sink,60 / 60,45 / 45,45 / 45,45 / 45,40 / 45,2250.0,2650.0,"['90', '96']",99.0,40,20041,93.0,2450.0,9.17,255.1,4.45,—,4.370756027,"6' 2""",230,R
202,Junior Santos,SP,NYM,,11,20.1472222,,Tail,50 / 60,45 / 50,,40 / 50,20 / 45,2350.0,2150.0,"['89', '93']",95.0,40,sa3005470,91.0,2250.0,7.48,90.2,4.09,—,3.67279283,"6' 8""",218,R
203,Ismael Aquino,SIRP,KCR,,36,23.1027777,,,60 / 65,,,40 / 45,30 / 40,2300.0,2050.0,"['93', '96']",98.0,40,sa3003104,94.5,2175.0,10.41,63.1,6.99,—,5.968414881,"6' 2""",170,R
204,Jose Butto,SP,NYM,,14,23.5555555,,Tail,40 / 40,45 / 50,,55 / 60,50 / 55,2350.0,,"['89', '94']",96.0,40,sa3003166,91.5,,8.57,172.2,3.4,—,3.700771519,"6' 1""",160,R
205,Thomas Szapucki,MIRP,NYM,,15,25.325,7/19/2017,Tail,50 / 55,,60 / 60,40 / 45,40 / 45,2200.0,2400.0,"['88', '94']",96.0,40,21065,91.0,2300.0,10.59,61.2,4.85,—,2.627025592,"6' 2""",220,L
206,Ryley Gilliam,SIRP,NYM,,16,25.1611111,,Rise,55 / 55,20 / 55,55 / 55,,30 / 35,2600.0,2800.0,"['94', '95']",96.0,40,sa3008225,94.5,2700.0,13.98,56.0,5.3,—,4.821425944,"5' 10""",170,R
207,Franklyn Kilome,SIRP,NYM,,17,26.2888888,10/24/2018,Sink,55 / 55,40 / 40,60 / 60,50 / 50,40 / 40,2450.0,2200.0,"['92', '96']",97.0,40,17861,94.0,2325.0,8.04,140.0,4.63,—,4.178571429,"6' 6""",215,R
208,Joshua Cornielly,SP,NYM,,18,20.7333333,,Rise,40 / 45,,40 / 50,45 / 55,40 / 55,2150.0,,"['88', '93']",95.0,40,sa3005890,90.5,,9.71,73.2,2.7,—,4.276016254,"6' 2""",175,R
209,Josias De Los Santos,SIRP,SEA,,23,22.1944444,,,50 / 55,50 / 55,,,45 / 50,2300.0,2450.0,"['90', '95']",97.0,40,sa3006508,92.5,2375.0,6.9,146.0,3.64,—,4.869873066,"6' 2""",175,R
210,Matthew Thompson,SP,CHW,,8,21.1611111,,Rise,45 / 55,,45 / 55,40 / 50,30 / 45,2300.0,2100.0,"['91', '94']",96.0,40,sa3011866,92.5,2200.0,9.0,2.0,0.0,—,0.0,"6' 3""",184,R
211,Jordany Ventura,SP,NYM,,21,21.2583333,,Cut/Rise,45 / 55,50 / 55,,40 / 50,40 / 50,2450.0,,"['91', '94']",95.0,40,sa3008542,92.5,,8.69,59.0,5.34,—,3.355933939,"6' 0""",165,R
212,Andrew Dalquist,SP,CHW,,9,20.9055555,,Tail,40 / 45,40 / 50,45 / 55,40 / 50,35 / 55,2100.0,2300.0,"['91', '93']",95.0,40,sa3011841,92.0,2200.0,6.0,3.0,6.0,—,0.0,"6' 2""",170,R
213,Tim Cate,SIRP,WSN,,17,24.025,1/1/2013,Rise,40 / 45,,60 / 60,40 / 45,45 / 45,2100.0,2400.0,"['87', '91']",93.0,40,sa3007926,89.0,2250.0,8.48,195.2,2.35,—,3.587735548,"6' 0""",200,L
214,Jonathan Stiever,SP,CHW,,10,24.4083333,,Sink,40 / 45,45 / 50,45 / 45,50 / 55,45 / 55,2350.0,2300.0,"['90', '94']",95.0,40,24584,92.0,2325.0,10.04,173.0,2.29,—,3.589595376,"6' 2""",205,R
215,Mason Thompson,SIRP,WSN,,21,23.6361111,3/18/2015,,50 / 60,50 / 50,40 / 55,50 / 60,30 / 35,2350.0,2350.0,"['91', '95']",97.0,40,21850,93.0,2350.0,9.14,120.1,5.25,—,5.459835324,"6' 6""",223,R
216,Joan Adon,SIRP,WSN,,22,23.1583333,,,50 / 55,45 / 45,,50 / 55,40 / 40,2250.0,2150.0,"['92', '96']",98.0,40,22925,94.0,2200.0,8.65,135.2,5.53,—,3.914003942,"6' 2""",225,R
217,Kade McClure,MIRP,CHW,,16,25.6583333,,Rise,50 / 55,50 / 55,45 / 50,,45 / 50,2300.0,2350.0,"['92', '94']",95.0,40,sa915622,93.0,2325.0,7.78,163.1,2.76,—,3.195919064,"6' 7""",230,R
218,Tyler Johnson,SIRP,CHW,,19,26.1333333,,Cut,60 / 60,,55 / 55,40 / 45,30 / 40,2350.0,2350.0,"['93', '95']",97.0,40,sa915688,94.0,2350.0,13.33,89.1,2.93,—,1.81343352,"6' 3""",205,R
219,Hector Yan,MIRP,LAA,,15,22.4527777,,Tail,50 / 65,45 / 45,,40 / 45,30 / 40,2150.0,2450.0,"['90', '94']",96.0,40,sa917194,92.0,2300.0,11.53,138.2,5.99,—,3.634614501,"5' 11""",180,L
220,Packy Naughton,MIRP,LAA,,18,25.4805555,,Tail,45 / 45,45 / 50,40 / 40,50 / 50,55 / 55,2000.0,2100.0,"['87', '92']",94.0,40,23292,89.5,2050.0,7.76,311.0,2.29,—,3.675237596,"6' 2""",195,L
221,Matt Sauer,SP,NYY,,22,22.7166666,4/1/2019,Tail,50 / 60,,50 / 55,40 / 50,35 / 45,2150.0,2600.0,"['92', '95']",96.0,40,sa3005118,93.5,2375.0,6.34,75.2,4.07,—,3.687224515,"6' 4""",245,R
222,Nicio Rodriguez,SIRP,NYY,,24,22.1,,Rise,50 / 60,45 / 55,,,30 / 45,2500.0,2550.0,"['89', '94']",96.0,40,sa3011194,91.5,2525.0,11.74,23.0,8.61,—,7.434782609,"6' 3""",175,R
223,Aaron Hernandez,SIRP,LAA,,21,24.8527777,,,45 / 50,50 / 50,50 / 55,40 / 50,30 / 40,2200.0,2800.0,"['91', '95']",97.0,40,sa3008599,93.0,2500.0,10.1,72.2,6.61,—,4.458713412,"6' 2""",175,R
224,Prelander Berroa,SIRP,SFG,,27,21.475,,Tail,55 / 60,45 / 50,,45 / 55,30 / 40,2450.0,2400.0,"['92', '96']",98.0,40,sa3005069,94.0,2425.0,9.38,92.1,4.89,—,4.483754586,"5' 11""",170,R
225,Denny Larrondo,SP,NYY,,26,19.3583333,,Rise,45 / 60,,55 / 60,35 / 50,35 / 55,2500.0,2900.0,"['88', '92']",94.0,40,sa3010654,90.0,2700.0,6.73,32.1,8.69,—,5.010303546,"6' 2""",180,R
226,Kai-Wei Teng,SP,SFG,,29,22.8555555,,Sink,45 / 50,45 / 50,50 / 50,45 / 50,45 / 60,2450.0,2500.0,"['91', '94']",96.0,40,sa3007229,92.5,2475.0,9.95,122.1,3.54,—,2.280652766,"6' 4""",260,R
227,Sadrac Franco,SIRP,LAA,,24,21.3472222,,,50 / 55,,50 / 55,40 / 45,30 / 40,2300.0,,"['92', '96']",97.0,40,sa3005073,94.0,,9.13,60.1,5.69,—,5.668508586,"6' 0""",175,R
228,J.B. Bukauskas,SIRP,ARI,,23,24.9944444,,Tail,50 / 50,45 / 45,,70 / 70,40 / 40,2500.0,2450.0,"['92', '94']",96.0,40,20491,93.0,2475.0,10.71,151.2,5.12,—,4.153845175,"6' 0""",196,R
229,Conor Grammes,SIRP,ARI,,24,24.2222222,,Tail,65 / 70,60 / 70,,40 / 45,20 / 30,2200.0,2550.0,"['94', '97']",99.0,40,sa3011651,95.5,2375.0,11.92,15.1,5.96,—,4.108704681,"6' 1""",195,R
230,Michael Plassmeyer,SP,SFG,,33,24.9277777,,Tail,45 / 45,45 / 45,45 / 45,50 / 55,55 / 60,2300.0,2150.0,"['87', '91']",93.0,40,sa3006962,89.0,2225.0,8.83,156.0,1.85,—,1.961534696,"6' 2""",192,L
231,Riley O'Brien,SIRP,CIN,,19,26.675,,Tail,55 / 55,,55 / 60,45 / 50,40 / 50,2300.0,2600.0,"['92', '95']",97.0,40,20348,93.5,2450.0,9.9,191.0,4.52,—,2.968586328,"6' 4""",190,R
232,Jake Wong,SP,SFG,,34,25.1,,Sink,50 / 50,,45 / 50,45 / 50,45 / 55,2200.0,2450.0,"['91', '94']",96.0,40,sa3008100,92.5,2325.0,8.22,140.1,3.15,—,3.591449891,"6' 1""",210,R
233,Graham Ashcraft,SIRP,CIN,,22,23.6611111,,Rise,55 / 60,50 / 55,55 / 60,40 / 50,40 / 50,2600.0,2750.0,"['94', '96']",97.0,40,sa918274,95.0,2675.0,10.15,53.2,4.74,—,4.527947628,"6' 2""",218,R
234,Humberto Mejia,MIRP,ARI,,30,24.6,,Rise,50 / 50,45 / 45,55 / 55,40 / 45,40 / 45,2300.0,2350.0,"['90', '93']",95.0,40,20739,91.5,2325.0,8.71,153.0,2.35,—,2.588233584,"6' 3""",175,R
235,Josh Green,SP,ARI,,33,26.1083333,,Sink,50 / 50,50 / 50,55 / 55,45 / 50,45 / 50,2050.0,2550.0,"['92', '95']",96.0,40,sa3006701,93.5,2300.0,7.13,159.1,2.43,—,2.372385411,"6' 3""",210,R
236,Brian Howard,SP,OAK,,11,26.4555555,,,50 / 50,,45 / 50,45 / 50,50 / 55,2150.0,2500.0,"['89', '91']",93.0,40,sa918377,90.0,2325.0,8.71,283.2,3.02,—,3.616922153,"6' 9""",185,R
237,Brady Feigl,SP,OAK,,15,25.8666666,,Sink,45 / 45,,50 / 50,45 / 50,50 / 50,,,"['90', '93']",95.0,40,sa3007455,91.5,,8.6,160.1,2.98,—,3.985455456,"6' 4""",235,R
238,Grant Holmes,SIRP,OAK,,19,25.5472222,,Tail,50 / 50,55 / 55,,40 / 40,30 / 35,2250.0,2800.0,"['92', '94']",97.0,40,sa828669,93.0,2525.0,8.7,92.1,3.62,—,3.31407803,"6' 1""",215,R
239,Tyler Baum,MIRP,OAK,,20,23.7361111,,,50 / 55,,50 / 55,45 / 50,30 / 40,2250.0,,"['93', '95']",97.0,40,sa1054042,94.0,,10.13,30.2,2.68,—,4.695647014,"6' 0""",180,R
240,Jack Weisenburger,SIRP,OAK,,21,24.0027777,,,55 / 60,55 / 60,,45 / 45,40 / 40,,,"['93', '96']",97.0,40,sa3011607,94.5,,16.8,15.0,6.6,—,3.0,"6' 3""",220,R
241,Nick Robertson,SIRP,LAD,,21,23.2305555,3/1/2017,Rise,60 / 60,,60 / 60,,30 / 40,,,"['93', '96']",98.0,40,sa3011248,94.5,,12.86,16.1,1.12,—,1.653061546,"6' 6""",265,R
242,Parker Dunshee,SP,OAK,,23,26.6583333,,Tail,40 / 40,45 / 45,50 / 50,55 / 55,55 / 60,2150.0,2450.0,"['89', '92']",94.0,40,sa873274,90.5,2300.0,9.22,280.2,3.12,—,3.270783433,"6' 1""",205,R
243,Jasseel De La Cruz,SIRP,ATL,,15,24.2861111,,Rise,55 / 60,55 / 60,,40 / 45,40 / 40,2300.0,2750.0,"['91', '97']",99.0,40,sa879559,94.0,2525.0,8.29,202.0,4.23,—,3.787128713,"6' 1""",175,R
244,Kendall Williams,SP,LAD,,23,21.125,,Rise,50 / 55,,45 / 55,45 / 50,30 / 40,2150.0,2500.0,"['90', '94']",96.0,40,sa3011674,92.0,2325.0,10.69,16.0,4.5,—,1.125,"6' 6""",190,R
245,Victor Vodnik,SIRP,ATL,,16,22.0,,Rise,60 / 65,45 / 45,,50 / 55,30 / 40,2350.0,2200.0,"['92', '96']",98.0,40,sa3008527,94.0,2275.0,9.75,72.0,3.38,—,3.37500152,"6' 0""",200,R
246,William Woods,SIRP,ATL,,19,22.7777777,,Rise/Tail,55 / 60,45 / 55,,30 / 40,30 / 40,2400.0,,"['96', '99']",100.0,40,sa3007256,97.5,,9.86,71.2,5.44,—,4.144184098,"6' 3""",190,R
247,Jerming Rosario,SP,LAD,,27,19.4194444,,Tail,40 / 50,,40 / 45,50 / 60,25 / 60,2200.0,2250.0,"['89', '92']",94.0,40,sa3008678,90.5,2225.0,8.58,45.1,3.59,—,0.794118204,"6' 1""",175,R
248,Carlos Duran,SIRP,LAD,,29,20.1916666,,Sink,50 / 55,,55 / 60,40 / 50,25 / 50,2050.0,2700.0,"['89', '94']",96.0,40,sa3006404,91.5,2375.0,7.56,82.1,2.96,—,2.842106426,"6' 7""",250,R
249,Hunter Gaddis,MIRP,CLE,,27,23.5,,Rise,45 / 50,50 / 55,40 / 40,55 / 60,40 / 50,2250.0,2350.0,"['90', '93']",96.0,40,sa3010621,91.5,2300.0,14.45,33.0,1.91,—,2.727272727,"6' 6""",212,R
250,Edwin Uceta,SP,LAD,,33,23.75,,Tail,45 / 45,,50 / 55,50 / 55,45 / 55,2350.0,2300.0,"['89', '92']",94.0,40,20539,90.5,2325.0,10.07,243.2,3.66,—,3.324212895,"6' 0""",160,R
251,Carlos Vargas,SIRP,CLE,,30,21.9888888,1/1/2021,Sink,55 / 65,55 / 60,,35 / 45,30 / 40,2250.0,2400.0,"['94', '97']",99.0,40,sa3007467,95.5,2325.0,9.0,112.0,4.26,—,4.339285566,"6' 3""",180,R
252,Damon Casetta-Stubbs,SIRP,CLE,,33,22.2138888,,Tail,45 / 50,50 / 55,55 / 60,30 / 30,40 / 50,2200.0,2400.0,"['89', '93']",95.0,40,sa3008387,91.0,2300.0,8.33,123.1,4.97,—,5.618920378,"6' 4""",220,R
253,Raymond Burgos,MIRP,CLE,,34,22.8611111,9/7/2016,Tail,50 / 50,40 / 45,50 / 50,55 / 55,45 / 50,2200.0,2350.0,"['91', '94']",96.0,40,sa918469,92.5,2275.0,10.22,94.2,2.87,—,3.422535096,"6' 5""",170,L
254,James McArthur,SP,PHI,,18,24.8277777,,Rise,55 / 60,50 / 55,50 / 55,35 / 40,30 / 45,2400.0,2800.0,"['93', '95']",96.0,40,sa3007715,94.0,2600.0,9.69,117.0,5.0,—,3.692307692,"6' 5""",230,R
255,Dominic Pipkin,SP,PHI,,19,21.9277777,,Sink,50 / 60,40 / 45,40 / 45,45 / 55,35 / 50,2100.0,2000.0,"['90', '95']",98.0,40,sa3007896,92.5,2050.0,5.52,101.1,5.88,—,4.707233623,"6' 4""",170,R
256,Gunner Mayer,SP,PHI,,20,21.2,,Rise,45 / 55,50 / 60,,30 / 45,30 / 50,2400.0,2350.0,"['90', '94']",95.0,40,sa3011199,92.0,2375.0,11.11,8.1,4.44,—,5.40000206,"6' 6""",190,R
257,John Doxakis,MIRP,TBR,,22,23.1361111,,SInk/Tail,40 / 45,50 / 55,,50 / 55,45 / 60,2250.0,2400.0,"['88', '92']",93.0,40,sa1115967,90.0,2325.0,8.66,32.2,3.91,—,1.928569552,"6' 4""",215,L
258,Ethan Lindow,SP,PHI,,22,22.9833333,,Tail,50 / 50,45 / 45,50 / 50,40 / 45,45 / 55,2200.0,2350.0,"['87', '90']",92.0,40,sa3005028,88.5,2275.0,9.09,180.2,2.4,—,2.39114344,"6' 3""",180,L
259,Antonio Jimenez,MIRP,TBR,,23,20.425,,Rise/Tail,45 / 55,55 / 60,,40 / 50,30 / 50,,,"['91', '95']",96.0,40,sa3008074,93.0,,9.88,80.2,6.06,—,2.900825235,"5' 11""",145,L
260,Eduar Segovia,SP,PHI,,23,20.7472222,,Tail,45 / 50,50 / 55,,30 / 45,30 / 50,2250.0,2300.0,"['92', '95']",97.0,40,sa3008374,93.5,2275.0,11.4,45.0,5.2,—,1.8,"6' 0""",205,R
261,Michael Mercado,SP,TBR,,24,22.4833333,,,45 / 50,40 / 50,45 / 55,,45 / 55,2200.0,2250.0,"['90', '94']",95.0,40,sa3005024,92.0,2225.0,6.84,50.0,3.06,—,5.22,"6' 4""",175,R
262,Zac Lowther,SP,BAL,,20,25.4416666,,Tail,40 / 40,,45 / 45,55 / 60,45 / 50,2200.0,2550.0,"['88', '91']",94.0,40,20243,89.5,2375.0,10.12,271.2,3.62,—,2.385275761,"6' 2""",235,L
263,Tyler Phillips,SP,PHI,,24,23.95,,,40 / 40,40 / 45,50 / 50,55 / 55,55 / 70,2200.0,2300.0,"['92', '94']",96.0,40,sa875646,93.0,2250.0,7.81,264.0,1.77,—,3.170454591,"6' 5""",225,R
264,Adonis Medina,SP,PHI,,25,24.8083333,,Sink/Tail,40 / 40,45 / 45,,55 / 60,50 / 55,2200.0,2500.0,"['90', '94']",96.0,40,19903,92.0,2350.0,8.5,217.0,4.23,—,4.520737327,"6' 1""",187,R
265,Starlyn Castillo,SP,PHI,,26,19.625,,Tail,55 / 60,55 / 60,,40 / 50,30 / 45,2250.0,2500.0,"['93', '95']",97.0,40,sa3011608,94.0,2375.0,9.89,9.1,7.91,—,7.714288342,"6' 0""",210,R
266,Neraldo Catalina,SIRP,TBR,,27,21.3,,Tail,60 / 70,45 / 55,,,30 / 35,2300.0,2200.0,"['93', '96']",97.0,40,sa1172730,94.5,2250.0,9.86,21.0,7.29,—,2.142857143,"6' 6""",202,R
267,Tanner Dodson,SIRP/CF,TBR,,29,24.4166666,,,55 / 60,55 / 60,,45 / 50,40 / 45,2250.0,2450.0,"['91', '95']",97.0,40,sa3007008,93.0,2350.0,8.57,42.0,4.07,—,3.0,"6' 1""",170,R
268,Isaac Mattson,SIRP,BAL,,27,26.2361111,,Rise,55 / 55,55 / 55,,40 / 45,45 / 45,2300.0,2000.0,"['92', '94']",96.0,40,20385,93.0,2150.0,10.5,167.2,3.55,—,3.166998708,"6' 2""",205,R
269,Tommy Romero,MIRP,TBR,,32,24.2527777,,Cut/Rise,50 / 50,,45 / 45,45 / 50,50 / 55,2200.0,,"['90', '93']",94.0,40,sa3004469,91.5,,8.36,253.1,3.41,—,2.557898101,"6' 2""",225,R
270,Drew Rom,SP,BAL,,29,21.8166666,,Rise,30 / 45,50 / 55,,,45 / 55,2350.0,2300.0,"['88', '92']",93.0,40,sa3007848,90.0,2325.0,10.71,126.0,3.29,—,2.642857183,"6' 2""",170,L
271,Hunter Harvey,SIRP,BAL,,30,26.8333333,7/26/2016,Rise,60 / 60,,55 / 55,,40 / 40,2400.0,2200.0,"['92', '97']",99.0,40,15507,94.5,2300.0,9.42,108.0,3.67,—,5.166666575,"6' 3""",210,R
272,Alexander Wells,SP,BAL,,31,24.6166666,,Rise,35 / 35,45 / 45,55 / 55,50 / 55,60 / 70,2250.0,2550.0,"['86', '89']",91.0,40,19845,87.5,2400.0,6.81,272.1,2.18,—,3.205634366,"6' 1""",190,L
273,Ryan Feltner,SP,COL,,21,25.1027777,,Tail/Rise,50 / 50,50 / 50,45 / 50,50 / 55,40 / 50,2300.0,2650.0,"['91', '93']",95.0,40,21446,92.0,2475.0,9.35,149.2,3.62,—,4.209353173,"6' 4""",190,R
274,Cody Poteet,SP,MIA,,24,27.1916666,,Sink/Tail,45 / 45,50 / 50,45 / 45,55 / 55,50 / 50,,,"['92', '95']",96.0,40,18769,93.5,,7.05,281.0,3.36,—,4.291810344,"6' 1""",190,R
275,Evan Fitterer,SP,MIA,,25,21.2861111,,,45 / 50,45 / 50,50 / 55,40 / 50,35 / 55,2350.0,2550.0,"['90', '92']",94.0,40,sa3011433,91.0,2450.0,7.7,22.2,6.89,—,2.3823494,"6' 3""",192,R
276,Noah Davis,SP,COL,,25,24.4638888,3/1/2018,Tail,45 / 50,50 / 55,50 / 55,35 / 40,40 / 50,2400.0,2600.0,"['91', '93']",94.0,40,sa3010556,92.0,2500.0,7.48,42.1,3.21,—,3.188978773,"6' 2""",195,R
277,Tommy Doyle,SIRP,COL,,26,25.4388888,,Rise,50 / 55,60 / 60,,40 / 45,45 / 50,2250.0,2550.0,"['92', '95']",97.0,40,21281,93.5,2400.0,10.9,94.1,2.77,—,2.671378992,"6' 4""",235,R
278,Braxton Garrett,SP,MIA,,28,24.1777777,6/20/2017,,40 / 40,45 / 45,55 / 55,50 / 50,50 / 55,2100.0,2350.0,"['91', '92']",96.0,40,21844,91.5,2225.0,10.08,106.2,3.39,—,3.54374989,"6' 2""",202,L
279,Tony Locey,SIRP,COL,,28,23.1944444,,,50 / 60,45 / 55,,30 / 40,30 / 50,,2300.0,"['92', '95']",97.0,40,sa3011123,93.5,,16.41,17.0,6.35,—,5.294117647,"6' 3""",240,R
280,Chris Mokma,SP,MIA,,29,20.6611111,,,45 / 50,40 / 50,,45 / 55,25 / 55,2250.0,2200.0,"['89', '93']",94.0,40,sa3011750,91.0,2225.0,8.93,12.1,2.98,—,2.18919517,"6' 4""",194,R
281,Josh Roberson,SIRP,MIA,,31,25.4083333,5/31/2017,,50 / 55,55 / 60,,40 / 45,40 / 45,2300.0,2500.0,"['90', '93']",95.0,40,sa3007721,91.5,2400.0,7.86,111.1,3.4,—,1.778443622,"6' 3""",175,R
282,Ashton Goudeau,SIRP,COL,,33,29.2111111,,Rise,50 / 50,50 / 50,55 / 55,40 / 45,55 / 55,2200.0,2400.0,"['91', '94']",96.0,35+,15139,92.5,2300.0,8.4,181.0,2.93,—,4.176797869,"6' 6""",210,R
283,Will Stewart,MIRP,MIA,,34,24.2361111,,Tail,40 / 40,45 / 50,45 / 50,45 / 50,50 / 55,2000.0,2650.0,"['87', '89']",91.0,35+,sa875247,88.0,2325.0,6.89,243.0,2.96,—,3.851851973,"6' 1""",180,L
284,Daiveyon Whittle,MIRP,TBR,,54,21.9111111,,Rise,40 / 45,45 / 50,,,40 / 50,2050.0,2350.0,"['89', '92']",94.0,35+,sa3007617,90.5,2200.0,8.15,54.1,2.83,—,1.822086956,"5' 11""",235,R
285,Riley Pint,SIRP,COL,,34,23.925,,None,70 / 70,70 / 70,,,20 / 30,2250.0,2750.0,"['97', '99']",102.0,35+,sa917922,98.0,2500.0,10.73,26.0,16.62,—,7.269222279,"6' 4""",210,R
286,Jayden Murray,MIRP,TBR,,55,24.4944444,,Rise,45 / 55,,50 / 60,,35 / 45,2600.0,2700.0,"['90', '94']",96.0,35+,sa1170405,92.0,2650.0,10.55,40.1,2.47,—,2.454547389,"6' 1""",190,R
287,Breiling Eusebio,SIRP,COL,,35,24.9666666,4/18/2018,Tail,45 / 50,,50 / 55,45 / 55,35 / 35,2200.0,2400.0,"['89', '94']",96.0,35+,sa828552,91.5,2300.0,7.25,47.2,4.58,—,5.66433982,"6' 1""",175,L
288,Aneudy Cortorreal,SIRP,TBR,,56,21.8222222,,Rise,65 / 70,40 / 50,40 / 45,40 / 45,30 / 40,2250.0,2100.0,"['93', '97']",99.0,35+,sa3009242,95.0,2175.0,13.04,35.2,6.65,—,2.271027835,"6' 3""",200,R
289,Angel Felipe,SIRP,TBR,,57,24.1083333,,Rise,55 / 60,45 / 50,,45 / 55,20 / 35,2400.0,2450.0,"['93', '96']",98.0,35+,sa881181,94.5,2425.0,10.49,53.2,7.78,—,5.198764292,"6' 5""",190,R
290,Yoan Aybar,SIRP,COL,,37,24.2666666,,,60 / 60,50 / 55,,,30 / 35,2150.0,2450.0,"['93', '96']",98.0,35+,sa829086,94.5,2300.0,10.27,85.0,6.46,—,4.447058923,"6' 2""",165,L
291,Jorge Guzman,SIRP,MIA,,42,25.6972222,,,55 / 55,55 / 55,,45 / 50,30 / 35,2250.0,1900.0,"['95', '97']",100.0,35+,17505,96.0,2075.0,8.76,234.2,5.61,—,3.720165052,"6' 2""",182,R
292,Breidy Encarnacion,SP,MIA,,44,20.9166666,,,40 / 45,,45 / 50,40 / 50,40 / 50,2400.0,2250.0,"['87', '91']",93.0,35+,sa3009205,89.0,2325.0,10.91,47.0,2.49,—,1.914893617,"6' 3""",185,R
293,Luis Palacios,SP,MIA,,45,21.2722222,,,30 / 40,45 / 50,,50 / 55,45 / 60,2150.0,2350.0,"['85', '87']",89.0,35+,sa3003021,86.0,2250.0,9.0,104.0,0.61,—,0.951923077,"6' 2""",160,L
294,Keider Montero,SIRP,DET,,29,21.2583333,,Rise,45 / 50,,50 / 60,40 / 50,35 / 45,2300.0,3000.0,"['93', '95']",96.0,35+,sa3002956,94.0,2650.0,8.52,94.0,3.64,—,2.106382936,"6' 1""",175,R
295,Franklin Perez,SP,DET,,30,23.8416666,,Rise,60 / 60,50 / 60,45 / 50,55 / 60,40 / 50,2050.0,2550.0,"['87', '90']",,35+,sa873722,88.5,2300.0,6.67,27.0,4.67,—,5.333339362,"6' 3""",197,R
296,Elvin Rodriguez,SP,DET,,31,23.525,,Rise/Tail,40 / 45,,50 / 50,50 / 55,40 / 50,2350.0,2400.0,"['89', '93']",94.0,35+,sa873437,91.0,2375.0,8.05,247.0,3.43,—,3.570850092,"6' 3""",170,R
297,Jorge Rodriguez,SP,BOS,,38,21.1222222,,Rise,40 / 50,,45 / 50,45 / 55,35 / 55,2300.0,2900.0,"['89', '91']",93.0,35+,sa3006074,90.0,2600.0,9.23,115.0,2.35,—,2.817392005,"5' 11""",170,L
298,Victor Santos,SP,BOS,,39,21.2416666,,Tail,35 / 35,45 / 50,,,35 / 60,2150.0,2350.0,"['87', '91']",92.0,35+,sa3003083,89.0,2250.0,8.44,164.2,1.75,—,3.661951436,"6' 1""",191,R
299,Nivaldo Rodriguez,SP,DET,,33,24.4805555,,Rise,45 / 45,50 / 50,55 / 55,45 / 50,50 / 50,2250.0,2850.0,"['89', '92']",94.0,35+,22449,90.5,2550.0,9.21,160.2,3.2,—,2.576762976,"6' 1""",170,R
300,Andrew Politi,SIRP,BOS,,42,25.3472222,,Rise,55 / 55,50 / 55,,45 / 50,30 / 40,2450.0,2500.0,"['92', '95']",96.0,35+,sa3007243,93.5,2475.0,11.67,107.2,4.28,—,3.761608663,"6' 0""",191,R
301,Angel De Jesus,SIRP,DET,,36,24.6555555,,Tail,65 / 65,45 / 45,,,30 / 35,2300.0,2400.0,"['91', '95']",96.0,35+,sa921876,93.0,2350.0,11.96,115.1,4.46,—,2.184971701,"6' 4""",200,R
302,Wladimir Pinto,SIRP,DET,,37,23.6583333,,Rise,60 / 60,45 / 50,,30 / 35,30 / 35,2450.0,2000.0,"['94', '97']",98.0,35+,sa871482,95.5,2225.0,13.27,111.2,6.47,—,3.304476615,"5' 11""",180,R
303,Braxton Ashcraft,SIRP,PIT,,50,22.0111111,,Tail,35 / 45,50 / 55,45 / 50,40 / 45,40 / 50,2250.0,2400.0,"['88', '93']",95.0,35+,sa3008470,90.5,2325.0,6.54,70.2,4.23,—,5.476412483,"6' 5""",195,R
304,Ryan Zeferjahn,SIRP,BOS,,44,23.6083333,,Rise,55 / 60,50 / 55,,40 / 45,30 / 45,2300.0,2250.0,"['94', '96']",98.0,35+,sa3011217,95.0,2275.0,12.68,22.0,6.14,—,4.5,"6' 4""",209,R
305,Carlos Guzman,SIRP,DET,,39,23.3972222,,None,50 / 55,,40 / 45,50 / 60,35 / 50,2300.0,2150.0,"['90', '94']",96.0,35+,sa871477,92.0,2225.0,8.57,85.1,3.6,—,3.375001257,"6' 0""",185,R
306,Alec Bettinger,SP,MIL,,30,26.2388888,,Rise,45 / 45,,50 / 55,,50 / 55,2400.0,,"['89', '92']",94.0,35+,20312,90.5,,8.99,263.2,2.74,—,4.23262139,"6' 2""",210,R
307,Bradley Blalock,SP,BOS,,46,20.7888888,,Rise,40 / 55,40 / 50,30 / 45,30 / 40,30 / 45,,,"['91', '93']",95.0,35+,sa3011809,92.0,,5.81,6.2,5.81,—,6.749996781,"6' 2""",190,R
308,Yerry De Los Santos,SIRP,PIT,,53,23.825,,Tail,55 / 60,50 / 55,,,35 / 40,2250.0,2400.0,"['93', '96']",98.0,35+,sa873562,94.5,2325.0,12.82,68.1,3.3,—,1.712195202,"6' 0""",160,R
309,Luis De La Rosa,SP,BOS,,48,19.2583333,,Rise,35 / 50,45 / 50,45 / 50,45 / 55,25 / 55,,,"['88', '90']",92.0,35+,sa3009778,89.0,,12.25,38.2,1.65,—,2.327584293,"6' 1""",170,R
310,Chris Murphy,MIRP,BOS,,49,23.3444444,,Rise,50 / 55,40 / 40,45 / 50,50 / 55,35 / 40,2350.0,2200.0,"['89', '93']",95.0,35+,sa3011431,91.0,2275.0,9.24,33.1,2.72,—,1.08000103,"6' 1""",188,L
311,Angel Perdomo,SIRP,MIL,,34,27.4222222,,Sink,60 / 60,50 / 50,,,30 / 30,2500.0,2650.0,"['93', '96']",97.0,35+,17759,94.5,2575.0,12.57,148.2,5.89,—,3.934979413,"6' 6""",225,L
312,Alexis Ramirez,SIRP,MIL,,36,22.2194444,,Rise,50 / 60,45 / 55,,,30 / 40,2150.0,,"['91', '95']",96.0,35+,sa3006545,93.0,,9.27,99.0,4.82,—,4.909090909,"6' 2""",160,R
313,Wilkin Ramos,SP,PIT,,58,20.9416666,,Cut,45 / 60,,40 / 45,45 / 55,35 / 45,2150.0,2200.0,"['89', '93']",95.0,35+,sa3006487,91.0,2175.0,7.93,52.2,5.52,—,3.930377232,"6' 5""",165,R
314,Braden Webb,SIRP,MIL,,37,26.4555555,4/10/2014,Rise,60 / 60,,60 / 60,50 / 55,40 / 45,2250.0,2300.0,"['89', '93']",95.0,35+,sa876362,91.0,2275.0,9.19,185.0,5.98,—,4.135126907,"6' 1""",195,R
315,Andy Maldonado,SP,PIT,,59,19.2166666,,Tail,40 / 50,40 / 45,,45 / 55,35 / 50,2300.0,2000.0,"['89', '93']",95.0,35+,sa3009607,91.0,2150.0,5.21,31.1,12.44,—,8.617030544,"6' 4""",195,R
316,Josh Gessner,SIRP,TEX,,47,21.2888888,,Sink/Tail,45 / 50,50 / 55,,,30 / 50,,,"['92', '94']",96.0,35+,sa3011658,93.0,,12.54,12.2,6.64,—,2.842097702,"6' 1""",205,R
317,Cam Robinson,SIRP,MIL,,39,22.0916666,,Rise,50 / 50,,50 / 50,,30 / 40,2300.0,,"['88', '93']",94.0,35+,sa3005216,90.5,,9.83,75.1,6.83,—,7.287613879,"5' 11""",187,R
318,Daniel Robert,SIRP,TEX,,49,27.1083333,1/1/2017,,50 / 50,70 / 70,,,45 / 45,,,"['94', '95']",96.0,35+,sa3009856,94.5,,12.47,36.1,2.49,—,0.990824682,"6' 4""",210,R
319,Nick Bennett,MIRP,MIL,,41,24.1055555,,Rise,45 / 45,50 / 55,55 / 55,45 / 45,35 / 40,2300.0,,"['90', '92']",93.0,35+,sa3011410,91.0,,11.73,33.0,2.73,—,1.909090909,"6' 4""",210,L
320,Jake Latz,SP,TEX,,51,25.5027777,,,45 / 45,,55 / 55,40 / 45,45 / 50,,,"['89', '93']",94.0,35+,21306,91.0,,9.61,132.0,3.68,—,2.863636364,"6' 2""",185,L
321,Fernery Ozuna,SIRP,TEX,,52,25.9166666,8/1/2018,,55 / 60,45 / 50,,45 / 50,40 / 40,,,"['94', '97']",100.0,35+,sa739259,95.5,,7.5,12.0,1.5,—,2.25,"5' 8""",170,R
322,Clayton Andrews,SIRP,MIL,,43,24.7638888,,Tail,30 / 30,45 / 45,,55 / 60,40 / 50,1950.0,2500.0,"['85', '91']",93.0,35+,sa3007226,88.0,2225.0,12.8,92.1,3.81,—,2.826715833,"5' 6""",160,L
323,Patrick Weigel,SIRP,MIL,,44,27.2527777,6/27/2017,Tail,55 / 55,60 / 60,55 / 55,45 / 50,35 / 40,2350.0,3000.0,"['91', '95']",98.0,35+,17792,93.0,2675.0,8.35,83.0,5.53,—,2.602409579,"6' 6""",230,R
324,Scott Engler,SIRP,TEX,,60,24.825,9/7/2016,,45 / 45,,,,40 / 40,,,"['93', '94']",95.0,35+,sa918353,93.5,,10.85,126.1,4.21,—,3.775726601,"6' 4""",220,R
325,Jose Alberto Rivera,SIRP,HOU,,22,24.6527777,,,70 / 70,,55 / 55,,30 / 35,2350.0,2300.0,"['93', '97']",99.0,35+,sa3003090,95.0,2325.0,10.72,124.2,4.13,—,3.68181713,"6' 3""",170,R
326,Hever Bueno,SIRP,TEX,,62,26.8777777,6/10/2016,,60 / 60,50 / 55,,,30 / 35,2300.0,2600.0,"['92', '97']",99.0,35+,sa738180,94.5,2450.0,11.57,42.0,5.14,—,2.142857143,"6' 2""",180,R
327,Jairo Lopez,SP,HOU,,23,20.8833333,,,50 / 50,55 / 55,50 / 50,40 / 45,35 / 50,2200.0,2850.0,"['91', '94']",95.0,35+,sa3005824,92.5,2525.0,9.76,94.1,4.3,—,2.289753422,"5' 11""",220,R
328,Kelvin Gonzalez,SIRP,TEX,,63,23.7916666,,,60 / 60,,55 / 55,50 / 50,40 / 40,2450.0,,"['94', '96']",98.0,35+,sa920544,95.0,,10.58,67.2,4.42,—,2.926111206,"6' 0""",170,R
329,Manny Ramirez,SIRP,HOU,,26,21.8833333,,,55 / 60,,50 / 60,40 / 50,20 / 30,2450.0,2700.0,"['92', '95']",97.0,35+,sa3004833,93.5,2575.0,12.61,77.1,8.17,—,4.53879329,"5' 11""",215,R
330,Brett Conine,SIRP,HOU,,27,24.9805555,,Rise,45 / 45,45 / 45,,55 / 60,45 / 50,2550.0,2300.0,"['90', '93']",96.0,35+,sa3008024,91.5,2425.0,10.54,146.0,3.21,—,2.157534218,"6' 3""",218,R
331,Misael Tamarez,SP,HOU,,29,21.7305555,,Cut/Rise,45 / 55,,,50 / 55,35 / 50,,,"['92', '94']",94.0,35+,sa3009632,93.0,,10.37,38.2,6.83,—,2.56034929,"6' 1""",206,R
332,Juan Pablo Lopez,SP,HOU,,30,22.6444444,,,40 / 40,,45 / 50,45 / 55,35 / 50,2300.0,2150.0,"['90', '93']",94.0,35+,sa3004647,91.5,2225.0,8.17,99.2,3.45,—,3.612042438,"6' 4""",216,L
333,Julio Robaina,SP,HOU,,31,20.5444444,,Cut/Rise,40 / 45,,50 / 55,45 / 50,35 / 55,2200.0,2800.0,"['89', '92']",94.0,35+,sa3006817,90.5,2500.0,11.42,66.2,6.39,—,4.1849998,"5' 11""",170,L
334,Diosmerky Taveras,SIRP,HOU,,32,22.0444444,,,60 / 65,45 / 50,,40 / 50,20 / 35,2150.0,2450.0,"['94', '97']",98.0,35+,sa3004872,95.5,2300.0,9.26,61.2,9.71,—,4.670267718,"6' 3""",248,R
335,Evan Miller,SIRP,SDP,,32,26.3694444,,,55 / 55,60 / 60,,,40 / 45,2250.0,2750.0,"['92', '95']",97.0,35+,sa915725,93.5,2500.0,9.29,126.0,3.0,—,2.999999319,"6' 2""",200,R
336,Pedro Avila,SP,SDP,,33,24.7361111,,,50 / 50,,55 / 55,55 / 60,45 / 50,2200.0,2750.0,"['91', '95']",96.0,35+,18864,93.0,2475.0,10.1,154.2,4.09,—,4.422404049,"5' 11""",190,R
337,Mason Fox,SIRP,SDP,,38,24.7555555,,,55 / 60,,55 / 55,,40 / 40,2450.0,2550.0,"['90', '94']",95.0,35+,sa3007460,92.0,2500.0,14.0,54.0,4.67,—,1.833334369,"6' 2""",170,R
338,Luis Rijo,SP,MIN,,34,23.0916666,,None,40 / 40,,55 / 55,45 / 50,50 / 60,2050.0,2650.0,"['90', '94']",96.0,35+,sa916950,92.0,2350.0,7.97,167.1,1.99,—,2.635458698,"6' 1""",200,R
339,Yennier Cano,SIRP,MIN,,37,27.5833333,,Sink,50 / 50,50 / 55,,,45 / 45,2150.0,2500.0,"['92', '95']",97.0,35+,sa3011688,93.5,2325.0,9.0,15.0,8.4,—,4.2,"6' 0""",200,R
340,Kirby Snead,SIRP,TOR,,26,27.0055555,,Sink/Tail,45 / 45,55 / 55,,45 / 50,45 / 45,2550.0,2750.0,"['92', '94']",95.0,35+,19179,93.0,2650.0,9.46,113.2,5.25,—,3.642226743,"6' 0""",200,L
341,Dany Jimenez,SIRP,TOR,,27,25.7944444,,Rise,60 / 60,60 / 60,,,30 / 30,2450.0,2400.0,"['93', '96']",97.0,35+,21170,94.5,2425.0,12.75,122.1,3.76,—,3.237058112,"6' 3""",190,R
342,Michael Rucker,MIRP,CHC,,45,27.45,,Tail,55 / 55,55 / 55,50 / 50,45 / 50,45 / 50,2250.0,2600.0,"['94', '97']",99.0,35+,19454,95.5,2425.0,8.95,212.1,3.39,—,3.89952213,"6' 1""",195,R
343,Jeremiah Estrada,SIRP,CHC,,47,22.9388888,8/25/2019,Tail,50 / 55,,45 / 45,60 / 60,30 / 40,2350.0,2400.0,"['92', '95']",96.0,35+,sa3005339,93.5,2375.0,13.24,10.2,5.29,—,5.906231342,"6' 1""",185,R
344,Hobie Harris,SIRP,TOR,,30,28.2944444,,,70 / 70,,45 / 45,,30 / 35,,,"['96', '98']",101.0,35+,sa876068,97.0,,10.69,96.0,4.78,—,3.656247457,"6' 3""",200,R
345,Ethan Roberts,SIRP,CHC,,48,24.2638888,,Cut,45 / 45,,70 / 70,,35 / 40,,,"['90', '94']",95.0,35+,sa3008132,92.0,,8.15,74.0,2.55,—,3.162162162,"5' 10""",180,R
346,Curtis Taylor,MIRP,TOR,,31,26.2055555,,Rise,45 / 55,55 / 55,,45 / 50,40 / 45,2350.0,2300.0,"['93', '97']",98.0,35+,sa917970,95.0,2325.0,10.68,95.2,3.88,—,2.634145466,"6' 6""",215,R
347,Eury Ramos,SIRP,CHC,,49,23.9972222,,Rise/Cut,65 / 65,45 / 50,,,40 / 45,,,"['95', '99']",100.0,35+,sa873729,97.0,,8.4,76.1,4.85,—,6.720526816,"6' 3""",190,R
348,Roither Hernandez,SIRP,TOR,,33,23.5944444,,Rise,60 / 65,40 / 55,,30 / 40,30 / 35,2350.0,2450.0,"['95', '98']",99.0,35+,sa3004333,96.5,2400.0,9.36,47.1,5.73,—,5.894361813,"6' 4""",185,R
349,Naswell Paulino,SIRP,TOR,,34,21.4777777,,Rise,40 / 55,,45 / 55,,30 / 40,2450.0,2550.0,"['90', '92']",93.0,35+,sa3002998,91.0,2500.0,7.9,41.0,4.39,—,3.951219512,"5' 11""",160,L
350,Tyler Schlaffer,SP,CHC,,52,20.375,,Rise,45 / 50,,45 / 50,45 / 55,20 / 45,2150.0,2250.0,"['91', '93']",95.0,35+,sa3011815,92.0,2200.0,8.82,5.1,1.76,—,3.375002012,"6' 1""",170,R
351,Richard Gallardo,SP,CHC,,55,20.0916666,,Sink,45 / 45,,45 / 45,50 / 55,35 / 55,1950.0,2250.0,"['89', '93']",94.0,35+,sa3009990,91.0,2100.0,6.6,34.1,3.7,—,3.932042694,"6' 1""",187,R
352,Dakota Mekkes,SIRP,CHC,,57,26.925,,,55 / 55,55 / 55,,55 / 55,35 / 35,2300.0,2400.0,"['91', '93']",96.0,35+,sa915807,92.0,2350.0,11.53,103.0,6.73,—,3.145634097,"6' 7""",250,R
353,Collin Snider,SIRP,KCR,,37,25.9972222,,Tail,55 / 55,50 / 55,,,50 / 60,,,"['93', '95']",96.0,35+,sa3004093,94.0,,5.72,132.1,2.45,—,4.148614709,"6' 4""",202,R
354,Carlos Sanabria,SIRP,KCR,,38,24.7083333,,,60 / 60,40 / 40,45 / 45,50 / 50,35 / 40,2400.0,2350.0,"['93', '97']",99.0,35+,16634,95.0,2375.0,11.73,122.0,5.16,—,3.39344257,"6' 3""",200,R
355,Kasey Kalich,SIRP,KCR,,39,23.4555555,,Tail,55 / 55,,50 / 55,,30 / 40,,,"['91', '95']",97.0,35+,sa1169633,93.0,,10.19,21.2,4.67,—,1.246151908,"6' 3""",220,R
356,Yefri Del Rosario,SIRP,KCR,,40,22.0444444,,,50 / 50,,50 / 55,40 / 45,35 / 45,2200.0,2400.0,"['91', '94']",96.0,35+,sa3002971,92.5,2300.0,8.2,79.0,3.53,—,3.189873418,"6' 2""",180,R
357,Devin Sweet,MIRP,SEA,,25,25.0916666,,,45 / 45,,45 / 45,55 / 60,45 / 55,2250.0,2350.0,"['90', '93']",95.0,35+,sa3008340,91.5,2300.0,10.83,146.2,2.4,—,3.006810726,"5' 11""",185,R
358,Samuel Valerio,SIRP,KCR,,43,20.0027777,,Tail,60 / 70,,40 / 45,45 / 50,30 / 45,2400.0,2250.0,"['94', '97']",99.0,35+,sa3009220,95.5,2325.0,11.12,25.1,6.81,—,4.618427196,"6' 4""",220,R
359,Elvis Alvarado,SIRP,SEA,,26,22.6277777,,,60 / 70,40 / 50,,,35 / 40,2550.0,2250.0,"['92', '95']",98.0,35+,sa919291,93.5,2400.0,10.05,42.1,8.55,—,5.102357746,"6' 3""",183,R
360,Anderson Paulino,MIRP,KCR,,44,23.075,,Sink/Tail,60 / 60,45 / 55,,,40 / 45,,,"['95', '97']",98.0,35+,sa3007991,96.0,,6.5,76.1,4.14,—,5.423576133,"6' 2""",200,R
361,Anthony Veneziano,SIRP,KCR,,45,24.1055555,,Tail,50 / 55,,,50 / 55,30 / 40,,,"['94', '96']",97.0,35+,sa1115745,95.0,,8.57,46.2,3.12,—,5.592853333,"6' 5""",205,L
362,Marcel Renteria,SIRP,NYM,,23,27.0333333,,Tail,50 / 55,,70 / 70,,30 / 35,,,"['93', '95']",96.0,35+,sa3005016,94.0,,8.81,140.0,4.18,—,4.371428452,"5' 11""",185,R
363,Zach Haake,SIRP,KCR,,46,25.0027777,,,60 / 60,55 / 60,,40 / 45,30 / 35,2400.0,2500.0,"['92', '95']",97.0,35+,sa3008523,93.5,2450.0,10.22,95.1,4.45,—,2.548950012,"6' 4""",186,R
364,Joander Suarez,SP,NYM,,24,21.6166666,,Rise,45 / 50,50 / 55,,40 / 50,40 / 50,2350.0,,"['91', '94']",95.0,35+,sa3008263,92.5,,9.74,61.0,3.69,—,2.655737622,"6' 3""",180,R
365,Eduardo Herrera,SIRP,KCR,,48,21.7611111,,Rise,60 / 70,,45 / 50,,30 / 40,2400.0,2250.0,"['94', '96']",97.0,35+,sa3002702,95.0,2325.0,14.29,25.2,8.57,—,4.558440952,"5' 9""",165,R
366,Roel Ramirez,SIRP,NYM,,26,26.3694444,,Cut,45 / 45,45 / 45,,,40 / 40,2350.0,2700.0,"['92', '96']",97.0,35+,16470,94.0,2525.0,10.03,139.1,4.14,—,3.94018959,"6' 1""",210,R
367,Drew Parrish,SP,KCR,,49,23.8361111,,,35 / 40,,45 / 45,50 / 55,35 / 50,2250.0,2700.0,"['87', '90']",92.0,35+,sa3011395,88.5,2475.0,14.04,25.0,1.44,—,2.52,"5' 11""",200,L
368,Noah Murdock,SP,KCR,,50,23.1361111,,Sink,55 / 55,,55 / 55,45 / 50,40 / 50,2150.0,2800.0,"['90', '95']",97.0,35+,sa919012,92.5,2475.0,10.43,37.1,3.64,—,2.169644705,"6' 8""",192,R
369,Michel Otanez,SIRP,NYM,,28,24.2666666,10/1/2016,Sink/Tail,55 / 60,45 / 50,,,30 / 40,2200.0,,"['90', '97']",99.0,35+,sa932611,93.5,,9.45,98.1,5.69,—,4.759323665,"6' 3""",215,R
370,Mason Denaburg,SP,WSN,,24,22.1694444,,,55 / 60,,60 / 60,50 / 55,30 / 50,2300.0,2400.0,"['92', '95']",98.0,35+,sa3010648,93.5,2350.0,8.51,20.1,8.96,—,7.524602634,"6' 3""",190,R
371,Woo-Young Jin,SP,KCR,,53,20.6222222,,,30 / 40,,40 / 45,,35 / 50,2050.0,,"['85', '88']",91.0,35+,sa3010132,86.5,,10.57,46.0,2.93,—,2.347826087,"6' 2""",210,R
372,Daniel Tillo,SIRP,KCR,,55,25.3222222,7/29/2020,,60 / 60,50 / 50,,40 / 45,35 / 40,2250.0,2200.0,"['92', '95']",97.0,35+,sa876284,93.5,2225.0,6.28,265.0,4.72,—,4.245289405,"6' 5""",215,L
373,Hunter Schryver,SIRP,CHW,,21,26.5166666,2/20/2020,Rise,60 / 60,50 / 50,,,45 / 55,2400.0,1050.0,"['90', '93']",94.0,35+,sa873263,91.5,1725.0,10.14,126.0,3.86,—,3.071428571,"6' 1""",205,L
374,Caleb Freeman,SIRP,CHW,,22,23.6277777,,Rise,55 / 60,,55 / 60,,30 / 35,2400.0,3050.0,"['92', '95']",97.0,35+,sa3011339,93.5,2725.0,14.13,24.2,4.46,—,2.189186199,"6' 1""",190,R
375,Patrick Murphy,SIRP,WSN,,30,26.3305555,,Sink,60 / 60,,50 / 50,,45 / 45,2100.0,2300.0,"['93', '97']",99.0,35+,19712,95.0,2200.0,8.65,236.2,3.39,—,3.384502169,"6' 4""",220,R
376,Jimmy Lambert,SIRP,CHW,,25,26.8916666,6/21/2019,Tail,45 / 50,50 / 55,50 / 55,50 / 55,45 / 50,2200.0,2750.0,"['91', '94']",95.0,35+,19541,92.5,2475.0,10.45,155.0,3.31,—,4.006451514,"6' 2""",170,R
377,Reid Schaller,SIRP,WSN,,33,24.5194444,1/1/2016,,45 / 55,50 / 55,,40 / 45,45 / 50,2450.0,2400.0,"['91', '94']",96.0,35+,sa3008023,92.5,2425.0,7.71,92.2,3.9,—,3.884890674,"6' 3""",210,R
378,Todd Peterson,SP,WSN,,34,23.7138888,,,55 / 60,50 / 55,,,35 / 45,,,"['93', '95']",96.0,35+,sa3011334,94.0,,6.13,38.2,2.83,—,3.49137644,"6' 5""",230,R
379,Jose Marte,SIRP,LAA,,25,25.3194444,,Tail,70 / 70,55 / 60,,,30 / 30,,,"['97', '100']",101.0,35+,21761,98.5,,8.99,192.2,4.59,—,5.044973975,"6' 3""",180,R
380,Elvis Peguero,SIRP,LAA,,26,24.5527777,,Tail,60 / 60,55 / 60,,,35 / 50,,,"['92', '95']",97.0,35+,21652,93.5,,7.09,66.0,5.32,—,5.181818032,"6' 5""",208,R
381,Janson Junk,SP,LAA,,27,25.7333333,,Rise,50 / 50,50 / 55,55 / 60,,55 / 60,2450.0,,"['91', '93']",96.0,35+,23301,92.0,,7.77,176.0,4.09,—,4.653409097,"6' 1""",177,R
382,Nelson L Alvarez,SIRP,NYY,,31,23.3277777,,Cut,50 / 55,50 / 55,,,30 / 40,2450.0,2550.0,"['94', '96']",97.0,35+,sa3010783,95.0,2500.0,10.23,22.0,4.91,—,8.590920938,"6' 4""",220,r
383,Kyle Tyler,SP,LAA,,28,24.7833333,,Rise,50 / 50,45 / 50,45 / 45,45 / 50,50 / 55,,,"['92', '95']",96.0,35+,22092,93.5,,7.89,146.1,2.9,—,3.013674287,"6' 0""",185,R
384,Jose Salvador,SIRP,LAA,,30,22.05,,Rise,45 / 55,,50 / 50,30 / 35,35 / 40,2400.0,2500.0,"['89', '91']",93.0,35+,sa3006482,90.0,2450.0,11.67,111.1,3.48,—,3.071857112,"6' 2""",170,L
385,Alfredo Garcia,SIRP,NYY,,34,22.2138888,,Tail,45 / 50,,45 / 50,50 / 55,40 / 45,2300.0,1850.0,"['90', '94']",95.0,35+,sa3003045,92.0,2075.0,8.95,179.0,4.32,—,5.229050391,"6' 2""",225,L
386,Trevor McDonald,SP,SFG,,38,20.6194444,,Tail,45 / 50,45 / 55,,40 / 55,30 / 50,2200.0,2350.0,"['90', '94']",96.0,35+,sa3011835,92.0,2275.0,18.0,4.0,4.5,—,2.25,"6' 2""",180,R
387,Cooper Criswell,SP,LAA,,33,25.2083333,,Tail,40 / 40,45 / 45,,50 / 50,50 / 50,,,"['86', '89']",91.0,35+,24975,87.5,,8.53,117.1,3.46,—,4.602285795,"6' 6""",200,R
388,Osiel Rodriguez,SP,NYY,,37,19.8805555,,Tail,30 / 60,45 / 55,50 / 60,45 / 55,35 / 50,,,"['86', '89']",90.0,35+,sa3009991,87.5,,8.8,9.2,4.89,—,5.58620506,"6' 3""",205,R
389,Luis Mey,SIRP,CIN,,25,20.2916666,,Rise,55 / 60,,40 / 45,35 / 45,30 / 45,2050.0,2250.0,"['95', '97']",98.0,35+,sa3010130,96.0,2150.0,6.43,39.2,8.27,—,8.394951255,"6' 4""",175,R
390,Connor Higgins,SIRP,LAA,,34,25.2166666,,Rise,55 / 55,50 / 55,,,30 / 35,2250.0,,"['91', '94']",97.0,35+,sa3006808,92.5,,11.28,78.2,6.1,—,3.54660865,"6' 5""",240,L
391,Jacob Heatherly,MIRP,CIN,,26,23.3861111,,Tail,45 / 50,,45 / 50,50 / 55,30 / 40,1800.0,1950.0,"['90', '94']",95.0,35+,sa3004736,92.0,1875.0,11.27,47.1,9.55,—,6.274643252,"6' 2""",215,L
392,Ivan Armstrong,MIRP,LAA,,35,21.2,,,55 / 60,50 / 55,,,35 / 40,,,"['93', '97']",98.0,35+,sa3006358,95.0,,7.71,91.0,5.93,—,4.549450549,"6' 5""",247,R
393,Randy Vasquez,MIRP,NYY,,39,22.9333333,,Cut/Rise,45 / 50,,55 / 60,40 / 45,40 / 45,2500.0,3150.0,"['90', '94']",95.0,35+,sa3007933,92.0,2825.0,8.58,85.0,4.76,—,2.752937964,"6' 0""",165,R
394,Gabriel Tapia,SP,LAA,,36,19.3861111,,Rise,40 / 45,,45 / 50,50 / 55,20 / 45,2300.0,,"['90', '93']",94.0,35+,sa3009779,91.5,,8.63,49.0,2.57,—,2.571428571,"6' 1""",160,R
395,Yoljeldriz Diaz,SP,NYY,,40,20.2361111,,Rise,40 / 45,35 / 55,50 / 60,40 / 45,35 / 50,2150.0,2900.0,"['90', '92']",93.0,35+,sa3010248,91.0,2525.0,6.45,25.1,7.17,—,3.907899935,"5' 11""",165,R
396,Oliver Ortega,SIRP,LAA,,37,25.0194444,,Rise,55 / 55,,55 / 55,,30 / 35,2300.0,,"['92', '96']",97.0,35+,21025,94.0,,10.31,193.0,4.71,—,3.870466359,"6' 0""",165,R
397,Raffi Vizcaino,SIRP,SFG,,43,25.8527777,,Rise/Tail,60 / 60,55 / 55,,50 / 50,30 / 30,2450.0,2700.0,"['94', '97']",98.0,35+,sa736742,95.5,2575.0,10.08,142.0,5.96,—,3.992957854,"6' 2""",235,R
398,Brandon Bailey,SIRP,CIN,,29,26.9722222,2/26/2021,Rise,50 / 50,45 / 50,55 / 55,60 / 60,40 / 40,2550.0,2600.0,"['89', '93']",94.0,35+,19582,91.0,2575.0,10.0,215.0,4.27,—,3.013952018,"5' 10""",195,R
399,Gerardo Reyes,SIRP,LAA,,38,28.4055555,3/10/2021,Tail,60 / 60,55 / 55,,,30 / 30,2450.0,2400.0,"['95', '98']",99.0,35+,16306,96.5,2425.0,11.68,100.2,5.3,—,3.129141108,"5' 11""",160,R
400,Jake Agnos,MIRP,NYY,,42,23.3777777,,Rise,45 / 45,,45 / 45,50 / 55,40 / 50,2300.0,1850.0,"['88', '92']",93.0,35+,sa1054040,90.0,2075.0,11.25,12.0,3.0,—,5.25,"5' 11""",206,L
401,Hector Perez,SIRP,CIN,,30,25.3416666,,Cut/Rise,60 / 60,50 / 55,,,20 / 30,2350.0,2350.0,"['91', '95']",96.0,35+,18592,93.0,2350.0,9.53,236.1,5.34,—,4.189002669,"6' 3""",190,R
402,Eduardo Salazar,MIRP,CIN,,31,23.4277777,,Rise,55 / 55,40 / 45,,40 / 45,45 / 55,2350.0,,"['94', '96']",99.0,35+,sa3003131,95.0,,7.12,135.2,4.06,—,4.245711726,"6' 2""",177,R
403,Cole Waites,SIRP,SFG,,46,23.3305555,,Cu/Rise,70 / 70,45 / 55,,,20 / 35,,,"['96', '99']",100.0,35+,sa3011556,97.5,,14.74,17.1,6.84,—,6.230781344,"6' 3""",180,R
404,Robinson Pina,SIRP,LAA,,41,22.8694444,,,50 / 60,,50 / 55,40 / 45,20 / 30,2450.0,,"['89', '93']",95.0,35+,sa3003123,91.0,,12.26,152.0,5.57,—,3.730263158,"6' 4""",180,R
405,Dedniel Nunez,SIRP,SFG,,47,25.3444444,3/20/2021,,60 / 60,60 / 60,,,35 / 40,2600.0,,"['93', '94']",96.0,35+,sa3004203,93.5,,9.74,120.1,3.75,—,4.188366824,"6' 2""",180,R
406,Junior Mieses,SIRP,ARI,,40,21.9833333,,Cut/Rise,45 / 55,45 / 50,,,30 / 45,2450.0,2300.0,"['90', '93']",95.0,35+,sa3005258,91.5,2375.0,10.37,71.2,7.46,—,3.26511344,"6' 1""",170,R
407,Miguel Medrano,SIRP,CIN,,33,23.7638888,,Rise,40 / 45,,45 / 50,55 / 60,45 / 60,2200.0,2500.0,"['89', '92']",93.0,35+,sa947763,90.5,2350.0,9.54,114.1,2.84,—,4.250730045,"6' 0""",165,R
408,Bobby Ay,SIRP,ARI,,42,24.3638888,,Tail,40 / 50,50 / 60,40 / 45,,40 / 50,2150.0,2800.0,"['90', '92']",93.0,35+,sa3011535,91.0,2475.0,11.45,11.0,2.45,—,4.090909091,"6' 3""",190,R
409,West Tunnell,SIRP,ARI,,43,27.8861111,,Cut/Rise,60 / 60,50 / 55,,,35 / 40,2500.0,2600.0,"['93', '96']",97.0,35+,sa3002749,94.5,2550.0,11.28,78.2,4.26,—,1.83050769,"6' 1""",195,R
410,Matt Mercer,SIRP,ARI,,44,25.1055555,,Rise,45 / 55,40 / 40,45 / 45,55 / 55,40 / 40,2150.0,2450.0,"['88', '93']",96.0,35+,sa3007837,90.5,2300.0,11.09,86.0,5.13,—,4.290697579,"6' 1""",185,R
411,Avery Short,SP,ARI,,45,20.5694444,,Rise,30 / 40,45 / 50,45 / 50,30 / 45,25 / 60,,,"['88', '92']",93.0,35+,sa3011712,90.0,,10.13,8.0,3.38,—,2.25,"5' 11""",205,L
412,Edinson Soto,SIRP,ARI,,46,25.0611111,,Cut/Rise,50 / 55,45 / 55,50 / 55,,,2400.0,2800.0,"['92', '95']",96.0,35+,sa3009831,93.5,2600.0,15.13,23.2,5.82,—,2.281686892,"6' 4""",190,R
413,Luis Castillo,SIRP,ARI,,47,26.5805555,,Tail,45 / 45,50 / 50,,55 / 55,50 / 50,,,"['90', '92']",94.0,35+,sa657838,91.0,,8.91,115.1,2.81,—,3.355491429,"6' 3""",212,R
414,Andre Pallante,SP,STL,,22,23.0583333,,Cut,40 / 45,50 / 55,50 / 50,40 / 45,35 / 50,2150.0,,"['90', '93']",95.0,35+,sa3011186,91.5,,9.72,35.2,3.32,—,2.775698461,"6' 0""",203,R
415,Aiden McIntyre,SIRP,OAK,,24,26.1166666,,Rise/Tail,55 / 65,40 / 45,,45 / 55,30 / 40,,,"['92', '95']",96.0,35+,sa3007733,93.5,,12.08,146.0,6.1,—,3.883553678,"6' 5""",220,R
416,Jorge Juan,SP,OAK,,26,22.5916666,,,60 / 60,40 / 45,40 / 45,40 / 50,30 / 50,,,"['93', '97']",98.0,35+,sa3005826,95.0,,9.93,76.1,8.63,—,4.59825519,"6' 9""",250,R
417,Steven Gingery,SP,STL,,26,24.025,,,40 / 45,,45 / 45,55 / 60,35 / 50,2000.0,2300.0,"['88', '93']",94.0,35+,sa3011747,90.5,2150.0,45.0,0.2,45.0,—,13.49993201,"6' 2""",220,L
418,Jesus Cruz,SIRP,STL,,27,26.4833333,,Sink,55 / 55,55 / 55,,50 / 50,30 / 35,2200.0,2750.0,"['94', '96']",98.0,35+,20042,95.0,2475.0,11.88,146.2,6.09,—,4.41817867,"6' 1""",225,R
419,Connor Jones,SIRP,STL,,28,26.9972222,,Sink,55 / 55,50 / 55,,40 / 40,35 / 35,1900.0,2600.0,"['92', '95']",97.0,35+,sa738697,93.5,2250.0,7.42,160.1,6.58,—,4.266113061,"6' 3""",215,R
420,Wandisson Charles,SIRP,OAK,,31,25.0888888,,,70 / 70,50 / 55,,,30 / 35,2200.0,,"['94', '98']",99.0,35+,sa874818,96.0,,13.79,73.1,8.13,—,3.190910557,"6' 6""",220,R
421,Griffin Roberts,SIRP,STL,,30,25.3222222,,Tail,40 / 45,55 / 60,,40 / 40,40 / 40,2250.0,2700.0,"['90', '93']",95.0,35+,sa3008483,91.5,2475.0,5.87,75.1,6.95,—,6.331855147,"6' 3""",215,R
422,Rodard Avelino,SIRP,STL,,31,22.35,,Cut/Rise,60 / 70,45 / 60,,,20 / 30,2600.0,2750.0,"['94', '98']",99.0,35+,sa3003040,96.0,2675.0,11.84,34.2,23.95,—,12.20193606,"6' 1""",180,R
423,Darius Vines,SP,ATL,,24,23.4416666,,Cut/Rise,45 / 50,,45 / 50,55 / 60,35 / 50,2350.0,,"['88', '92']",94.0,35+,sa918848,90.0,,9.81,32.1,3.08,—,6.680419333,"6' 1""",190,R
424,Jose Mora,SIRP,OAK,,33,24.0222222,,Tali,45 / 45,55 / 60,,,30 / 35,2000.0,2500.0,"['90', '93']",94.0,35+,sa875839,91.5,2250.0,12.32,81.1,7.1,—,3.872952424,"6' 3""",185,R
425,Jared Johnson,SP,ATL,,25,20.5666666,,Sink,55 / 60,45 / 55,,,30 / 50,1850.0,,"['94', '97']",99.0,35+,sa3011626,95.5,,7.15,15.1,2.38,—,3.52174687,"6' 2""",210,R
426,Nolan Kingham,SP,ATL,,28,25.1416666,,None,50 / 55,40 / 45,,40 / 45,45 / 55,2200.0,,"['92', '94']",96.0,35+,sa3008224,93.0,,6.38,189.0,2.33,—,3.999991563,"6' 4""",210,R
427,Juan Morillo,SIRP,LAD,,42,22.5555555,,Rise,50 / 55,50 / 55,,30 / 40,30 / 45,2300.0,2550.0,"['92', '94']",96.0,35+,sa917772,93.0,2425.0,11.56,80.2,4.15,—,3.012395507,"6' 1""",160,R
428,Peyton Battenfield,SIRP,CLE,,38,24.1638888,,,50 / 55,,45 / 45,45 / 50,35 / 45,2350.0,,"['92', '95']",,35+,sa3010133,93.5,,10.59,39.1,3.45,—,1.60169621,"6' 4""",224,R
429,Osvanni Gutierrez,SP,LAD,,43,20.375,,Tail,35 / 50,,30 / 45,50 / 70,20 / 45,,,"['90', '92']",93.0,35+,sa3009730,91.0,,8.41,32.1,3.08,—,3.06185868,"6' 2""",180,R
430,Jose Martinez,SIRP,LAD,,46,22.4611111,,Sink,45 / 50,40 / 45,,55 / 60,40 / 50,2250.0,2400.0,"['91', '95']",97.0,35+,sa3002796,93.0,2325.0,8.82,162.2,2.39,—,3.209015653,"6' 0""",194,R
431,Cam Hill,SIRP,CLE,,42,27.375,,Rise,50 / 50,55 / 55,50 / 50,,40 / 40,2300.0,2750.0,"['91', '94']",95.0,35+,16840,92.5,2525.0,11.91,46.1,4.49,—,4.467619401,"6' 1""",185,R
432,Gus Varland,SIRP,LAD,,47,24.925,8/1/2019,,50 / 55,50 / 55,45 / 50,,40 / 45,2450.0,2350.0,"['92', '94']",95.0,35+,sa3007779,93.0,2400.0,10.81,64.1,2.81,—,1.53886091,"6' 1""",205,R
433,Robert Broom,SIRP,CLE,,43,25.0611111,,Sink/Tail,40 / 40,55 / 55,,,50 / 55,2100.0,,"['87', '90']",92.0,35+,sa3007235,88.5,,10.89,90.1,4.3,—,0.896678979,"6' 1""",190,R
434,Scott Moss,MIRP,CLE,,44,27.0083333,,Rise,55 / 55,50 / 50,,50 / 50,35 / 40,2400.0,2400.0,"['89', '93']",95.0,35+,sa738902,91.0,2400.0,9.3,262.2,4.08,—,3.323603635,"6' 6""",225,L
435,Kelvin Bautista,SIRP,LAD,,50,22.2555555,,,60 / 60,,50 / 55,,20 / 30,,,"['94', '97']",98.0,35+,sa3006491,95.5,,11.41,56.0,5.79,—,3.696428571,"5' 11""",155,L
436,Adam Scott,SIRP,CLE,,46,25.9972222,,Tail,50 / 55,55 / 60,,40 / 45,45 / 55,2250.0,,"['90', '93']",95.0,35+,sa3006826,91.5,,10.56,166.2,3.36,—,3.348000741,"6' 4""",220,L
437,Guillermo Zuniga,SIRP,LAD,,51,22.9972222,,Tail,55 / 60,55 / 60,,40 / 45,30 / 40,2350.0,2450.0,"['91', '96']",97.0,35+,sa945024,93.5,2400.0,10.44,105.2,4.62,—,4.003157055,"6' 5""",230,R
438,Cristopher Sanchez,MIRP,PHI,,30,24.825,,Sink,50 / 55,45 / 45,45 / 45,50 / 55,40 / 45,2250.0,2200.0,"['89', '94']",95.0,35+,20778,91.5,2225.0,8.35,127.2,4.39,—,3.172324632,"6' 5""",170,L
439,Mauricio Llovera,SIRP,PHI,,31,25.4777777,,Tail,50 / 50,,45 / 45,,40 / 40,2000.0,2400.0,"['93', '95']",96.0,35+,20080,94.0,2200.0,10.11,186.1,3.92,—,4.00894531,"5' 11""",200,R
440,Julian Garcia,MIRP,PHI,,33,26.1611111,,Rise,55 / 55,,55 / 55,50 / 50,50 / 50,2700.0,2800.0,"['87', '90']",91.0,35+,sa918182,88.5,2750.0,9.48,203.2,3.01,—,3.181668868,"6' 3""",206,R
441,Damon Jones,SIRP,PHI,,34,27.025,,Rise,55 / 55,60 / 60,,,30 / 35,2350.0,2700.0,"['91', '94']",96.0,35+,23310,92.5,2525.0,10.89,227.2,4.87,—,3.162523371,"6' 5""",225,L
442,Kyle Dohy,SIRP,PHI,,35,25.0611111,,Tail,50 / 50,40 / 40,,60 / 60,30 / 30,2400.0,2450.0,"['90', '93']",96.0,35+,20334,91.5,2425.0,14.4,135.0,7.2,—,3.933330499,"6' 2""",188,L
443,Colby White,SIRP,TBR,,36,23.2638888,,Cut/Rise,55 / 60,50 / 55,,,30 / 40,2350.0,,"['92', '95']",97.0,35+,sa3011200,93.5,,13.66,19.1,9.42,—,2.793108316,"6' 0""",190,R
444,Brendan McKay,SP,TBR,,37,25.8083333,,Sink,55 / 55,,55 / 55,50 / 55,55 / 70,2250.0,2050.0,"['91', '95']",96.0,35+,20186,93.0,2150.0,12.14,152.0,2.13,—,1.776314653,"6' 2""",212,L
445,Brooks Kriske,SIRP,BAL,,33,27.6833333,,Rise,60 / 60,50 / 50,,,35 / 35,2500.0,2450.0,"['92', '96']",98.0,35+,21189,94.0,2475.0,12.02,89.1,4.24,—,1.914177701,"6' 3""",190,R
446,Ramon Rosso,MIRP,PHI,,39,25.3333333,,Cut,,50 / 50,,,40 / 40,2600.0,2550.0,"['94', '96']",97.0,35+,20368,95.0,2575.0,9.33,246.1,3.99,—,3.251690535,"6' 4""",215,R
447,Carlos Garcia,SIRP,TBR,,40,22.8638888,,Rise,55 / 60,45 / 50,,40 / 50,30 / 40,2600.0,2500.0,"['90', '94']",95.0,35+,sa3006590,92.0,2550.0,10.21,58.2,5.57,—,0.920455094,"6' 3""",185,R
448,Victor Munoz,SIRP,TBR,,41,20.7888888,,,45 / 55,,45 / 50,40 / 50,35 / 50,2300.0,2250.0,"['90', '93']",95.0,35+,sa3006381,91.5,2275.0,8.13,73.1,5.79,—,3.681814798,"6' 4""",195,R
449,Kevin Smith,SIRP,BAL,,37,24.4055555,,Tail,45 / 45,50 / 55,,45 / 50,45 / 50,2450.0,,"['87', '90']",92.0,35+,sa3007710,88.5,,10.14,140.2,3.08,—,2.751184138,"6' 5""",200,L
450,Hsin-Chieh Lin,SP,PHI,,42,22.5583333,,Rise,40 / 45,40 / 50,,40 / 50,35 / 50,2450.0,2450.0,"['89', '92']",94.0,35+,sa3008535,90.5,2450.0,9.42,43.0,5.02,—,1.883722173,"6' 2""",225,R
451,Graeme Stinson,MIRP,TBR,,43,24.175,,,40 / 60,60 / 70,,40 / 40,35 / 45,2300.0,2650.0,"['93', '95']",98.0,35+,sa3011900,94.0,2475.0,45.0,0.2,0.0,—,13.49993201,"6' 5""",245,L
452,Zack Burdi,SIRP,BAL,,39,26.5833333,7/27/2017,Tail,65 / 65,55 / 55,,55 / 55,30 / 35,2600.0,2700.0,"['96', '98']",100.0,35+,19159,97.0,2650.0,11.48,29.0,5.59,—,5.896545519,"6' 3""",210,R
453,Nicoly Pina,SP,PHI,,43,22.0027777,,Rise,55 / 60,45 / 55,,,30 / 40,2300.0,2350.0,"['93', '96']",97.0,35+,sa3005875,94.5,2325.0,10.24,71.2,6.83,—,3.893021425,"6' 3""",203,R
454,Andrew Schultz,SIRP,PHI,,44,24.1916666,,Tail,70 / 70,45 / 50,,35 / 40,30 / 35,2450.0,,"['96', '99']",100.0,35+,sa3010782,97.5,,12.27,11.0,9.82,—,6.545454545,"6' 4""",195,R
455,Blaine Knight,SIRP,BAL,,42,25.2805555,,Rise/Tail,45 / 50,50 / 50,55 / 60,40 / 45,40 / 45,2250.0,2950.0,"['91', '94']",97.0,35+,sa3008532,92.5,2600.0,7.26,120.2,4.49,—,4.624308028,"6' 3""",170,R
456,Joel Peguero,SIRP,TBR,,47,24.4277777,,Tail,70 / 70,55 / 60,,,35 / 40,2300.0,2500.0,"['93', '97']",98.0,35+,sa917689,95.0,2400.0,9.23,80.0,4.05,—,4.725,"5' 11""",160,R
457,Sandy Gaston,SIRP,TBR,,48,19.8138888,,Rise,55 / 65,,45 / 50,45 / 50,30 / 45,2100.0,2150.0,"['93', '96']",97.0,35+,sa3011136,94.5,2125.0,10.33,27.0,9.67,—,6.0,"6' 0""",215,R
458,Brenan Hanifee,SP,BAL,,44,23.3611111,,Sink,55 / 60,45 / 50,,,45 / 50,2050.0,2100.0,"['91', '93']",95.0,35+,sa917973,92.0,2075.0,5.62,261.0,3.38,—,3.724137931,"6' 5""",215,R
459,Jake Zebron,SP,BAL,,45,21.6805555,,Rise,40 / 45,,50 / 60,30 / 45,35 / 50,2100.0,2700.0,"['88', '92']",94.0,35+,sa3007250,90.0,2400.0,7.21,71.2,3.79,—,2.009304162,"6' 3""",180,R
460,Ignacio Feliz,SP,BAL,,46,21.9611111,,Cut,40 / 45,,50 / 55,40 / 50,40 / 50,2350.0,2600.0,"['86', '90']",92.0,35+,sa3002982,88.0,2475.0,9.61,102.1,4.41,—,3.781760132,"6' 1""",180,R
461,Audry Lugo,SIRP,TBR,,51,22.9444444,,Cut,45 / 55,,55 / 60,40 / 45,40 / 50,2300.0,2750.0,"['92', '94']",96.0,35+,sa3008710,93.0,2525.0,9.71,38.0,4.26,—,2.131578947,"5' 11""",160,R
462,Felix Bautista,SIRP,BAL,,47,26.3027777,,Tail,65 / 65,,,,30 / 35,2450.0,,"['93', '98']",100.0,35+,sa737480,95.5,,11.11,63.2,5.13,—,3.816751907,"6' 5""",220,R
463,Will Ethridge,SP,COL,,31,23.8027777,,Tail,40 / 40,45 / 50,,50 / 50,35 / 60,2200.0,2150.0,"['90', '95']",96.0,35+,sa3011337,92.5,2175.0,6.26,30.2,2.38,—,3.815213199,"6' 5""",220,R
464,Antonio Santos,SIRP,COL,,32,25.0083333,,Rise,55 / 55,50 / 50,45 / 45,50 / 50,40 / 40,2200.0,2200.0,"['92', '95']",97.0,35+,20383,93.5,2200.0,8.55,297.0,2.09,—,4.666666727,"6' 3""",190,R
465,Andrew Nardi,SIRP,MIA,,33,23.1416666,,,45 / 45,55 / 60,,,45 / 55,,,"['86', '90']",,35+,sa3011234,88.0,,15.08,19.1,6.6,—,0.931036105,"6' 3""",201,L
